"Feature ID"	"Taxon"	"Confidence"
"0051bf36ea74754ad00214bfd9aeee29"	"D_0__Bacteria;D_1__Proteobacteria;D_2__Gammaproteobacteria;D_3__Pseudomonadales;D_4__Moraxellaceae;D_5__Acinetobacter"	"0.9991747497373571"
"010699ca30e713bfa82040242416c901"	"D_0__Bacteria"	"0.9702219248277559"
"04b37fd489541299a39e1f0ff8016e28"	"D_0__Bacteria"	"0.9556486124101309"
"04ba9a04f19bb4b79e8f7509db4fdade"	"D_0__Bacteria"	"0.9578842810284198"
"055e2865be963a091b64475dafcc7508"	"D_0__Bacteria;D_1__Proteobacteria;D_2__Alphaproteobacteria;D_3__Rhodobacterales;D_4__Rhodobacteraceae;D_5__Paracoccus"	"0.7611578375057424"
"059839f428002e33fcb227d5c503eebf"	"D_0__Bacteria"	"0.9729239400687374"
"05ca71df1982d8196b1ac13fdf64aeae"	"D_0__Bacteria;D_1__Firmicutes;D_2__Bacilli;D_3__Bacillales;D_4__Staphylococcaceae;D_5__Staphylococcus;Ambiguous_taxa;D_7__;D_8__;D_9__;D_10__;D_11__;D_12__;D_13__;D_14__"	"0.7337311152242129"
"060e048156085b946b5f739a1b229f82"	"D_0__Bacteria"	"0.9506129783266424"
"062ac1aebea142de9d1236da50fdb655"	"D_0__Bacteria;D_1__Proteobacteria;D_2__Alphaproteobacteria;D_3__Rhizobiales;D_4__Rhizobiaceae;D_5__Rhizobium"	"0.9665277953759165"
"06d8c261861c942cdacc107cf5011a7a"	"D_0__Bacteria;D_1__Proteobacteria;D_2__Alphaproteobacteria;D_3__Rhodospirillales;D_4__Acetobacteraceae;D_5__Acetobacter;Ambiguous_taxa;D_7__;D_8__;D_9__;D_10__;D_11__;D_12__;D_13__;D_14__"	"0.9964476990827891"
"0821ef4eb6d91db02375845b35f7e1bb"	"D_0__Bacteria;D_1__Firmicutes;D_2__Negativicutes;D_3__Selenomonadales;D_4__Veillonellaceae;D_5__Veillonella"	"0.9998628022495825"
"0834d300bbf5fa7e9eda32ee071b8c72"	"D_0__Bacteria;D_1__Actinobacteria;D_2__Actinobacteria;D_3__Propionibacteriales;D_4__Propionibacteriaceae;D_5__Propionibacterium;D_6__uncultured bacterium;D_7__;D_8__;D_9__;D_10__;D_11__;D_12__;D_13__;D_14__"	"0.9264889227596351"
"08d2d8a705d3887b3a54051c8e477c6b"	"D_0__Bacteria;D_1__Parcubacteria"	"0.9967530764957259"
"08e90897ae806e19fedff4090a286f36"	"D_0__Bacteria"	"0.9612624834475312"
"091521a73983b3712a43dcf3625592dd"	"D_0__Bacteria;D_1__Proteobacteria;D_2__Gammaproteobacteria;D_3__Enterobacteriales;D_4__Enterobacteriaceae"	"0.9997607471315995"
"0971215ea8ac225a2cf3963882b6e37d"	"D_0__Bacteria;D_1__Bacteroidetes;D_2__Cytophagia;D_3__Cytophagales;D_4__Cytophagaceae"	"0.8393197516646184"
"09ab68f468a91095951d1f22688011dc"	"D_0__Bacteria;D_1__Saccharibacteria;Ambiguous_taxa;D_3__;D_4__;D_5__;D_6__;D_7__;D_8__;D_9__;D_10__;D_11__;D_12__;D_13__;D_14__"	"0.8091747330928463"
"09e81ac74d64f8f796bccf5841ea1bfe"	"D_0__Bacteria;D_1__Proteobacteria;D_2__Gammaproteobacteria;D_3__Pseudomonadales;D_4__Moraxellaceae;D_5__Acinetobacter"	"0.9999068663527868"
"0ba5f425e0ec7c3640c0f5126333ac7e"	"D_0__Bacteria;D_1__Proteobacteria;D_2__Betaproteobacteria;D_3__Burkholderiales;D_4__Burkholderiaceae;D_5__Lautropia;D_6__uncultured bacterium;D_7__;D_8__;D_9__;D_10__;D_11__;D_12__;D_13__;D_14__"	"0.9954705419242272"
"0c45a955c58e3acde0285dc37de592f4"	"D_0__Bacteria"	"0.9720290928124175"
"0d114bfa8bc1b22fa820f449b706512d"	"D_0__Bacteria"	"0.9298171936551343"
"0d34eb363a23755e787ea826946f04ad"	"D_0__Bacteria"	"0.9574007348705729"
"0d929b7da10526905e311ffeac19829b"	"D_0__Bacteria"	"0.928971833658559"
"0ebb30fefff956b354a80c9343459e94"	"D_0__Bacteria"	"0.9947651363747719"
"106039ce30690107e184bdf2ae992f03"	"D_0__Bacteria;D_1__Proteobacteria;D_2__Betaproteobacteria;D_3__Burkholderiales;D_4__Oxalobacteraceae;D_5__Massilia;Ambiguous_taxa;D_7__;D_8__;D_9__;D_10__;D_11__;D_12__;D_13__;D_14__"	"0.8091816428383338"
"1099033f8d9ebb6de7538fd07e376817"	"D_0__Bacteria;D_1__Proteobacteria;D_2__Alphaproteobacteria;D_3__Rhodospirillales;D_4__Acetobacteraceae;D_5__Acetobacter;Ambiguous_taxa;D_7__;D_8__;D_9__;D_10__;D_11__;D_12__;D_13__;D_14__"	"0.9958189344460118"
"1179922be28cab13f6ac3408fc2ec0e9"	"D_0__Bacteria"	"0.9553342701782922"
"11f87bc8e8ccbbb101bb6ba825fb2807"	"D_0__Bacteria"	"0.9616725092906001"
"123962132076da4cc377aba32afd75a9"	"D_0__Bacteria;D_1__Firmicutes;D_2__Bacilli;D_3__Bacillales;D_4__Paenibacillaceae;D_5__Brevibacillus;Ambiguous_taxa;D_7__;D_8__;D_9__;D_10__;D_11__;D_12__;D_13__;D_14__"	"0.9831422014282987"
"1322f4945212c5927774fc438e53721b"	"D_0__Bacteria;D_1__Firmicutes;D_2__Bacilli;D_3__Bacillales;D_4__Bacillaceae;D_5__Bacillus"	"0.8844417908126273"
"13bb96bb7a89dd526dc424f6c899ada8"	"D_0__Bacteria"	"0.9483224840500533"
"141f0ef35f71da232a14aad5d454ea94"	"D_0__Bacteria;D_1__Firmicutes;D_2__Bacilli;D_3__Bacillales;D_4__Staphylococcaceae;D_5__Staphylococcus"	"0.9998354564242102"
"148f9ddf16814bf9fa67ec373e3351db"	"D_0__Bacteria;D_1__Proteobacteria;D_2__Gammaproteobacteria;D_3__Pseudomonadales;D_4__Pseudomonadaceae;D_5__Pseudomonas;D_6__Pseudomonas oryzihabitans;D_7__;D_8__;D_9__;D_10__;D_11__;D_12__;D_13__;D_14__"	"0.9422510150123051"
"14a0d9a20794a6d2706ffc41e5c4daa6"	"D_0__Bacteria;D_1__Firmicutes;D_2__Bacilli;D_3__Bacillales;D_4__Staphylococcaceae;D_5__Staphylococcus"	"0.9999562361053734"
"14b13eff1dce0de7442fed588d65f325"	"D_0__Bacteria;D_1__Firmicutes;D_2__Bacilli;D_3__Lactobacillales;D_4__Lactobacillaceae;D_5__Lactobacillus"	"0.9999567651010665"
"14d2d7f74f445f1b64dbaec6c8d6c57c"	"D_0__Bacteria"	"0.9481370934233206"
"14e60935b4b523cdebe2c8314597fdd1"	"D_0__Bacteria"	"0.9510015645789283"
"14e7c58e6fb8ed7fce046772156223b1"	"D_0__Bacteria;D_1__Firmicutes;D_2__Bacilli;D_3__Bacillales;D_4__Staphylococcaceae;D_5__Staphylococcus;Ambiguous_taxa;D_7__;D_8__;D_9__;D_10__;D_11__;D_12__;D_13__;D_14__"	"0.7126918577122057"
"1567ffb543f182f585331fd93df3193c"	"D_0__Bacteria"	"0.9712399767433777"
"1579e779918e3d93d8e11921338b0df4"	"D_0__Bacteria;D_1__Proteobacteria;D_2__Betaproteobacteria;D_3__Burkholderiales;D_4__Comamonadaceae"	"0.9998718621987854"
"1634fcc27451b872a8e366097f0116e9"	"D_0__Bacteria;D_1__Cyanobacteria;D_2__Chloroplast"	"0.9998517735754578"
"16fb49acba0a3a21b6c542cbc76f3db5"	"D_0__Bacteria;D_1__Firmicutes;D_2__Clostridia;D_3__Clostridiales;D_4__Family XI;D_5__Anaerococcus"	"0.9999999869250155"
"174872368223bcde1cf49a818f9e4b01"	"D_0__Bacteria;D_1__Proteobacteria;D_2__Alphaproteobacteria;D_3__Sphingomonadales;D_4__Sphingomonadaceae;D_5__Sphingomonas"	"0.9779015104852459"
"17d30d997146d66c1cec2da562544fb7"	"D_0__Bacteria;D_1__Firmicutes;D_2__Bacilli;D_3__Bacillales;D_4__Planococcaceae;D_5__Lysinibacillus"	"0.9946953351549385"
"1876fabec31864a52344b7bd5cfed60f"	"D_0__Bacteria;D_1__Cyanobacteria;D_2__Chloroplast"	"0.9998692977863874"
"18799c68c79d3d2b25cf7e5c3c7f63ce"	"D_0__Bacteria"	"0.9635882779879308"
"18df473790ae48e253aecc30db7c1625"	"D_0__Bacteria;D_1__Proteobacteria;D_2__Gammaproteobacteria;D_3__Pseudomonadales;D_4__Pseudomonadaceae;D_5__Pseudomonas"	"0.9991691017688346"
"1910dcf6315135f7947c373ec31f82f6"	"D_0__Bacteria;D_1__Firmicutes;D_2__Bacilli;D_3__Lactobacillales;D_4__Streptococcaceae;D_5__Streptococcus"	"0.9999521764000304"
"19a7ca463a3fe1ec83d1ab0daeee93f9"	"D_0__Bacteria"	"0.9627975371319368"
"19c72ea6271dc3c04303bdb105f93375"	"D_0__Bacteria;D_1__Saccharibacteria;Ambiguous_taxa;D_3__;D_4__;D_5__;D_6__;D_7__;D_8__;D_9__;D_10__;D_11__;D_12__;D_13__;D_14__"	"0.9093768760243789"
"1a51942fee1da4f411ffa1d8063f60b5"	"D_0__Bacteria;D_1__Firmicutes;D_2__Clostridia;D_3__Clostridiales;D_4__Clostridiaceae 1;D_5__Clostridium sensu stricto 1;D_6__uncultured bacterium;D_7__;D_8__;D_9__;D_10__;D_11__;D_12__;D_13__;D_14__"	"0.9108099395946967"
"1a5dffa9d6b0584fc1567dcc279ded74"	"D_0__Bacteria"	"0.9709411146922775"
"1b1e176f96e5868a4b89ff3683bbd1ff"	"D_0__Bacteria;D_1__Bacteroidetes;D_2__Flavobacteriia;D_3__Flavobacteriales;D_4__Flavobacteriaceae;D_5__Chryseobacterium;Ambiguous_taxa;D_7__;D_8__;D_9__;D_10__;D_11__;D_12__;D_13__;D_14__"	"0.9626427200984544"
"1c7560756623928c72aa430a5d606635"	"D_0__Bacteria;D_1__Firmicutes;D_2__Bacilli;D_3__Bacillales;D_4__Paenibacillaceae;D_5__Paenibacillus;Ambiguous_taxa;D_7__;D_8__;D_9__;D_10__;D_11__;D_12__;D_13__;D_14__"	"0.7009556767431457"
"1cd33e8efeed08a3018b301e16992d06"	"D_0__Bacteria;D_1__Chlamydiae;D_2__Chlamydiae;D_3__Chlamydiales;D_4__Parachlamydiaceae;D_5__Neochlamydia"	"0.7681109656105259"
"1dd27fef69e9beadc21dc46916093e7d"	"D_0__Bacteria"	"0.9603648622001218"
"1e296243fa1c09e5445f4de458590d67"	"D_0__Bacteria;D_1__Actinobacteria;D_2__Actinobacteria;D_3__Propionibacteriales;D_4__Propionibacteriaceae;D_5__Propionibacterium;D_6__uncultured bacterium;D_7__;D_8__;D_9__;D_10__;D_11__;D_12__;D_13__;D_14__"	"0.9394765359427067"
"1e48dcf50953637a91b3661335fc1f3a"	"D_0__Bacteria;D_1__Proteobacteria;D_2__Alphaproteobacteria;D_3__Rhizobiales;D_4__Methylobacteriaceae;D_5__Methylobacterium;Ambiguous_taxa;D_7__;D_8__;D_9__;D_10__;D_11__;D_12__;D_13__;D_14__"	"0.8399007074603007"
"1e5116b600202f9c98f40caf11ae5736"	"D_0__Bacteria"	"0.9735438555234806"
"1e5a37dacdfe7196bbd7fa9a4f502f40"	"D_0__Bacteria;D_1__Proteobacteria;D_2__Gammaproteobacteria;D_3__Enterobacteriales;D_4__Enterobacteriaceae;D_5__Escherichia-Shigella"	"0.9783812751454412"
"1e70ed6b3a08cad7de46f9562047d208"	"D_0__Bacteria;D_1__Proteobacteria;D_2__Gammaproteobacteria;D_3__Xanthomonadales;D_4__Xanthomonadaceae;D_5__Luteimonas"	"0.8950622663265431"
"1f2ec19b1519ccf88b59690baa8de049"	"D_0__Bacteria"	"0.9731315522093735"
"2003ee9c8b93c90069c777bdc7d55a05"	"D_0__Bacteria;D_1__Parcubacteria;D_2__groundwater metagenome;D_3__;D_4__;D_5__;D_6__;D_7__;D_8__;D_9__;D_10__;D_11__;D_12__;D_13__;D_14__"	"0.8127797812005677"
"20aa2a945599a2b90e3947f54e027aec"	"D_0__Bacteria"	"0.9641338068516234"
"2104ef5d0b0f07f04dc901212806c353"	"D_0__Bacteria;D_1__Chlamydiae;D_2__Chlamydiae;D_3__Chlamydiales"	"0.9473736913958349"
"233ef2c7438393c2dfaba89892499a19"	"D_0__Bacteria;D_1__Proteobacteria;D_2__Alphaproteobacteria;D_3__Rhizobiales;D_4__Methylobacteriaceae;D_5__Methylobacterium;Ambiguous_taxa;D_7__;D_8__;D_9__;D_10__;D_11__;D_12__;D_13__;D_14__"	"0.9718325874806117"
"23b4ead0f1a399771b9b353640cd3109"	"D_0__Bacteria"	"0.9569665229826533"
"24f0f05883862b50bc9aabe4b078f3a9"	"D_0__Bacteria;D_1__Parcubacteria;D_2__Candidatus Adlerbacteria;D_3__uncultured bacterium;D_4__;D_5__;D_6__;D_7__;D_8__;D_9__;D_10__;D_11__;D_12__;D_13__;D_14__"	"0.9989049640940847"
"2563ba6dbd9bc24e570b86c711d95dec"	"D_0__Bacteria"	"0.972969102310474"
"26f4cd6b5a749f598b68ee9dde0b7057"	"D_0__Bacteria"	"0.9496777407104348"
"281ddadc82f655545b9b92840e727f59"	"Unassigned"	"0.9530480040920286"
"2850358f94e268fac7cbe06b7c33fc48"	"D_0__Bacteria;D_1__Actinobacteria;D_2__Actinobacteria;D_3__Micrococcales;D_4__Micrococcaceae;D_5__Micrococcus"	"0.9610645029714626"
"291d5fb5f2c202d9a5796823f88abc1b"	"D_0__Bacteria"	"0.9691681618736894"
"297c17a7df3864af5ca26a0ea9385c89"	"D_0__Bacteria"	"0.9619686709742489"
"297d5e708fddc3355fd49ab3a8057c05"	"D_0__Bacteria;D_1__Proteobacteria;D_2__Betaproteobacteria;D_3__Neisseriales;D_4__Neisseriaceae;D_5__Neisseria;D_6__uncultured bacterium;D_7__;D_8__;D_9__;D_10__;D_11__;D_12__;D_13__;D_14__"	"0.9150637469260418"
"29867cb41a5e3be6df627b1c42179dad"	"D_0__Bacteria;D_1__Proteobacteria;D_2__Deltaproteobacteria;D_3__Bdellovibrionales;D_4__Bdellovibrionaceae;D_5__Bdellovibrio"	"0.9996527831495242"
"299f2000651af590c3aade67eca016a7"	"D_0__Bacteria"	"0.965440387961269"
"29ea1ff7d15def036d3de8131eb2c911"	"D_0__Bacteria;D_1__Proteobacteria;D_2__Alphaproteobacteria;D_3__Sphingomonadales;D_4__Sphingomonadaceae;D_5__Sphingomonas"	"0.9745026587550515"
"29ebba26f84d46a3a0374256ff7b972c"	"D_0__Bacteria;D_1__Proteobacteria;D_2__Gammaproteobacteria;D_3__Pseudomonadales;D_4__Moraxellaceae;D_5__Acinetobacter"	"0.9999026632956538"
"29f7ff22f02b9019f810ddf93256f99f"	"D_0__Bacteria;D_1__Proteobacteria;D_2__Deltaproteobacteria;D_3__NB1-j"	"0.9979777938044948"
"2a08269009175a57c8c2d951d9804bdd"	"D_0__Bacteria;D_1__Firmicutes;D_2__Bacilli;D_3__Bacillales;D_4__Staphylococcaceae;D_5__Staphylococcus"	"0.999896797545716"
"2a488db8a698f43f871b55b3f3744c73"	"D_0__Bacteria;D_1__Bacteroidetes;D_2__Sphingobacteriia;D_3__Sphingobacteriales;D_4__Chitinophagaceae;D_5__Sediminibacterium;Ambiguous_taxa;D_7__;D_8__;D_9__;D_10__;D_11__;D_12__;D_13__;D_14__"	"0.8614993840447877"
"2bb9f47780325d19cd9fc3bcf71390b5"	"D_0__Bacteria;D_1__Saccharibacteria"	"0.9998845773841927"
"2c32ce1a500169da73958dedf78646d4"	"D_0__Bacteria"	"0.9501993474606445"
"2d0a3f6b88af5dff283d1c7baba9ebb8"	"D_0__Bacteria"	"0.9403710201264674"
"2daadf4487a507797e88da39409e706d"	"D_0__Bacteria;D_1__Actinobacteria;D_2__Actinobacteria;D_3__Micrococcales;D_4__Micrococcaceae;D_5__Nesterenkonia;Ambiguous_taxa;D_7__;D_8__;D_9__;D_10__;D_11__;D_12__;D_13__;D_14__"	"0.7718909673834335"
"2fac5ec55770a0f6517e19f168b2d765"	"D_0__Bacteria;D_1__Firmicutes;D_2__Bacilli;D_3__Bacillales;D_4__Staphylococcaceae;D_5__Staphylococcus;Ambiguous_taxa;D_7__;D_8__;D_9__;D_10__;D_11__;D_12__;D_13__;D_14__"	"0.8480457840609537"
"30d292c2666cf8be6e617ff18072dd2e"	"D_0__Bacteria;D_1__Proteobacteria;D_2__Alphaproteobacteria;D_3__Rickettsiales;D_4__Rickettsiaceae;D_5__Rickettsia;Ambiguous_taxa;D_7__;D_8__;D_9__;D_10__;D_11__;D_12__;D_13__;D_14__"	"0.8143155708129375"
"3154fdbd78c46708c9e33fde1dd16ad1"	"D_0__Bacteria;D_1__Firmicutes;D_2__Negativicutes;D_3__Selenomonadales;D_4__Veillonellaceae;D_5__Veillonella;D_6__uncultured bacterium;D_7__;D_8__;D_9__;D_10__;D_11__;D_12__;D_13__;D_14__"	"0.7403674965441372"
"329db94b43dec23f1e6d9a142e36d2af"	"D_0__Bacteria"	"0.9599765398580146"
"32ce975102fd0a18064115eb7b9fc5dd"	"D_0__Bacteria"	"0.9728078025716754"
"332596763b446086a5eba3746698aa6b"	"D_0__Bacteria;D_1__Firmicutes;D_2__Bacilli;D_3__Bacillales;D_4__Family XI;D_5__Gemella;D_6__uncultured bacterium;D_7__;D_8__;D_9__;D_10__;D_11__;D_12__;D_13__;D_14__"	"0.9923180836521711"
"337c15d091c02ee337828b43b56a9f04"	"D_0__Bacteria"	"0.9624328607875262"
"33a0d69cb6b612c84cb6d339c06b7e3c"	"D_0__Bacteria"	"0.9590481274728051"
"33f8f025b00d94d57e1d9bd8751481f0"	"D_0__Bacteria"	"0.9331289456841295"
"34399061419409b1b2f52a443ed23255"	"D_0__Bacteria;D_1__Cyanobacteria;D_2__Chloroplast"	"0.9997402320161712"
"353334769e340008e842467f103dd2a6"	"D_0__Bacteria;D_1__Actinobacteria;D_2__Actinobacteria;D_3__Micrococcales;D_4__Micrococcaceae;D_5__Rothia;D_6__uncultured bacterium;D_7__;D_8__;D_9__;D_10__;D_11__;D_12__;D_13__;D_14__"	"0.9490393424537849"
"359ca5e5acd24773fada91b516f6aeb8"	"D_0__Bacteria;D_1__Planctomycetes;D_2__Phycisphaerae;D_3__Tepidisphaerales;D_4__Tepidisphaeraceae"	"0.9999958702865618"
"364c70983971d8b96148ea643a1a2d7d"	"D_0__Bacteria"	"0.9595267113401894"
"3699a0a9c9bbce70706f2c6a56e0b573"	"D_0__Bacteria"	"0.9563307666474783"
"36ee369b58fa1c002b7f9733b7b5ef62"	"D_0__Bacteria"	"0.9724861226862925"
"370cba6b88aee3129a8404de98ead7eb"	"D_0__Bacteria"	"0.954115666067764"
"373c6f75c65b36662e64e90eb26a8934"	"D_0__Bacteria;D_1__Actinobacteria;D_2__Actinobacteria;D_3__Micrococcales;D_4__Intrasporangiaceae;Ambiguous_taxa;Ambiguous_taxa;D_7__;D_8__;D_9__;D_10__;D_11__;D_12__;D_13__;D_14__"	"0.7161302825354313"
"37dc82252a4ef6bdb2b6aa9878a56305"	"D_0__Bacteria;D_1__Parcubacteria;D_2__Candidatus Nomurabacteria"	"0.9140711508603206"
"38058231b4f8db2170c142e3a07aee9f"	"D_0__Bacteria"	"0.955390596380845"
"38747866b50468e8344535c754d3ff1e"	"D_0__Bacteria;D_1__Bacteroidetes;D_2__Sphingobacteriia;D_3__Sphingobacteriales;D_4__Chitinophagaceae;D_5__Sediminibacterium;Ambiguous_taxa;D_7__;D_8__;D_9__;D_10__;D_11__;D_12__;D_13__;D_14__"	"0.780710334318383"
"38b502eac93359dc19677061e0b4e889"	"D_0__Bacteria;D_1__Actinobacteria;D_2__Actinobacteria;D_3__Micrococcales;D_4__Micrococcaceae;D_5__Rothia;D_6__uncultured bacterium;D_7__;D_8__;D_9__;D_10__;D_11__;D_12__;D_13__;D_14__"	"0.9614670699460863"
"38c666073f13fc3ab86d3fd5800394c8"	"D_0__Bacteria;D_1__Proteobacteria;D_2__Alphaproteobacteria;D_3__Rhizobiales;D_4__Bradyrhizobiaceae;D_5__Bradyrhizobium"	"0.8428621562563217"
"390e2df4cfa70881a52375b2d0d48774"	"D_0__Bacteria;D_1__Actinobacteria;D_2__Actinobacteria;D_3__Micrococcales;D_4__Micrococcaceae;D_5__Kocuria;Ambiguous_taxa;D_7__;D_8__;D_9__;D_10__;D_11__;D_12__;D_13__;D_14__"	"0.9586542954155473"
"393a49654682f0dd3df207c627dc7d39"	"D_0__Bacteria;D_1__Firmicutes;D_2__Bacilli;D_3__Bacillales;D_4__Bacillaceae;D_5__Bacillus"	"0.9806497436659548"
"3a2e511645c7b6ffcf7adb26dd4c6825"	"D_0__Bacteria;D_1__Cyanobacteria;D_2__Cyanobacteria;D_3__SubsectionII;D_4__FamilyII;D_5__Chroococcidiopsis"	"0.8461034710360423"
"3a3114facf0a77fb4e58112cfdba146a"	"D_0__Bacteria"	"0.9722755573264414"
"3a96effbe6e1295689a09509105b19b5"	"D_0__Bacteria"	"0.9943084398794978"
"3ada3b9c6b807cbcc1e728de917734f6"	"D_0__Bacteria"	"0.959553106419916"
"3b8d95856a23dabb245e40d7b1270e30"	"D_0__Bacteria;D_1__Bacteroidetes;D_2__Bacteroidia;D_3__Bacteroidales;D_4__Porphyromonadaceae;D_5__Porphyromonas;Ambiguous_taxa;D_7__;D_8__;D_9__;D_10__;D_11__;D_12__;D_13__;D_14__"	"0.878063847666381"
"3c9c833ec889837f51fa5f019043b40f"	"D_0__Bacteria"	"0.9578758716779551"
"3d2b11b59d8b3091dac7b06a2a2c5104"	"D_0__Bacteria"	"0.971380390170917"
"3d438746bcc1e21d71ee5ec0b9c5cefc"	"D_0__Bacteria"	"0.9952984314401522"
"3d75bd190e623eb5d8990da954469863"	"D_0__Bacteria"	"0.9445000159398032"
"3d8b85848189854c8125b006dbe56d2e"	"D_0__Bacteria;D_1__Armatimonadetes;D_2__Armatimonadia;D_3__Armatimonadales"	"0.9597256469649235"
"3def287ccf6443626d4cb5eaa88f5fc6"	"D_0__Bacteria"	"0.9325857848600662"
"3e9e799ff005e6fb1a5fe7662f7dbee4"	"D_0__Bacteria"	"0.947091684362301"
"3f4b48a7c332661f267934c65d884dad"	"D_0__Bacteria;D_1__Bacteroidetes;D_2__Flavobacteriia;D_3__Flavobacteriales;D_4__Flavobacteriaceae;D_5__Flavobacterium"	"0.999869979484071"
"4050ca0530769a022de651a22e47d7ef"	"D_0__Bacteria;D_1__Firmicutes;D_2__Bacilli;D_3__Bacillales;D_4__Staphylococcaceae;D_5__Staphylococcus"	"0.9998848752493279"
"40beb489e6c7c93c476ee66882168fd8"	"D_0__Bacteria;D_1__Firmicutes;D_2__Bacilli;D_3__Bacillales;D_4__Staphylococcaceae;D_5__Staphylococcus;Ambiguous_taxa;D_7__;D_8__;D_9__;D_10__;D_11__;D_12__;D_13__;D_14__"	"0.7429671661189106"
"40d89000029edc00024c2b26b277a47e"	"D_0__Bacteria;D_1__Firmicutes;D_2__Clostridia;D_3__Clostridiales;D_4__Family XI;D_5__Peptoniphilus;D_6__uncultured bacterium;D_7__;D_8__;D_9__;D_10__;D_11__;D_12__;D_13__;D_14__"	"0.9848587518475975"
"415d183128d2ebfce9a99bfa6e156d0d"	"Unassigned"	"0.9528313419642095"
"41bbd39fd3241237ebcb158cf02649fd"	"Unassigned"	"0.9422891442544359"
"42508206d9f2f77f08039dfbaf926a9f"	"D_0__Bacteria;D_1__Firmicutes;D_2__Bacilli;D_3__Lactobacillales;D_4__Aerococcaceae;D_5__Aerococcus;D_6__uncultured bacterium;D_7__;D_8__;D_9__;D_10__;D_11__;D_12__;D_13__;D_14__"	"0.997749081068559"
"42685c4c0139d13418a22b49e6bc2a70"	"D_0__Bacteria;D_1__Proteobacteria;D_2__Alphaproteobacteria;D_3__Sphingomonadales;D_4__Erythrobacteraceae"	"0.9671689333729343"
"428bcd98253fe056dc88188008aabffb"	"D_0__Bacteria;D_1__Proteobacteria;D_2__Alphaproteobacteria;D_3__Rhizobiales;D_4__Bradyrhizobiaceae;D_5__Bradyrhizobium"	"0.9066742574187875"
"43bc789c37418dc1f128436aae41db12"	"D_0__Bacteria"	"0.9370963926318584"
"43f2397bb6e3b9fe8e48a0fe3add45cc"	"D_0__Bacteria;D_1__Verrucomicrobia;D_2__Spartobacteria;D_3__Chthoniobacterales;D_4__Chthoniobacteraceae;D_5__Chthoniobacter;Ambiguous_taxa;D_7__;D_8__;D_9__;D_10__;D_11__;D_12__;D_13__;D_14__"	"0.7079882949139632"
"44694e84372bb12ad7b19b6d1dcaf2ce"	"D_0__Bacteria"	"0.9668383342721704"
"4585a2639d588af010ef1c6a3d765c14"	"Unassigned"	"0.9411906783961497"
"469fc307510694f3eddf9f2244a7e64f"	"D_0__Bacteria"	"0.9642617101099562"
"47087651739245bb0de9ed4c28da0fc7"	"D_0__Bacteria"	"0.9702935863515744"
"47ae147bb28fe6a33d57896912456895"	"D_0__Bacteria"	"0.959500671802617"
"4876568819194865e1b6b8ca465b4eb9"	"D_0__Bacteria;D_1__Proteobacteria;D_2__Gammaproteobacteria;D_3__Pseudomonadales;D_4__Moraxellaceae;D_5__Acinetobacter"	"0.9999199233552556"
"48c8bd27f935e5531d052fd240923a71"	"D_0__Bacteria;D_1__Proteobacteria;D_2__Gammaproteobacteria;D_3__Enterobacteriales;D_4__Enterobacteriaceae"	"0.9998791913640346"
"48e049aa99b09af401546b0c5ef2d31a"	"D_0__Bacteria"	"0.9312642607026502"
"491be427cd8b044ba0fdf09c283db628"	"D_0__Bacteria"	"0.9500797571242067"
"49604a05aae2e3c80805fc1ef2bacbbb"	"D_0__Bacteria;D_1__Parcubacteria;D_2__Candidatus Nomurabacteria"	"0.8602288267188691"
"4ac58aa1c28eb5302f6f1843fc3c4423"	"D_0__Bacteria;D_1__Firmicutes;D_2__Bacilli;D_3__Bacillales;D_4__Paenibacillaceae;D_5__Cohnella;Ambiguous_taxa;D_7__;D_8__;D_9__;D_10__;D_11__;D_12__;D_13__;D_14__"	"0.8208679783705305"
"4af0ec5a82dc0e8d8540adbf6a17faf1"	"D_0__Bacteria;D_1__Cyanobacteria;D_2__Chloroplast;D_3__uncultured diatom;D_4__;D_5__;D_6__;D_7__;D_8__;D_9__;D_10__;D_11__;D_12__;D_13__;D_14__"	"0.9726026452053241"
"4afe87ff64757a92c748ec1fca817de4"	"D_0__Bacteria"	"0.948274762614498"
"4be35cab25dc56a3e6bc29868aa3449f"	"D_0__Bacteria;D_1__Proteobacteria;D_2__Betaproteobacteria;D_3__Burkholderiales;D_4__Comamonadaceae;D_5__Hydrogenophaga"	"0.9012276773849188"
"4ccf5a63656d9489b488acbac7507f5e"	"D_0__Bacteria;D_1__Proteobacteria;D_2__Deltaproteobacteria;D_3__Bdellovibrionales;D_4__Bacteriovoracaceae;D_5__Bacteriovorax;Ambiguous_taxa;D_7__;D_8__;D_9__;D_10__;D_11__;D_12__;D_13__;D_14__"	"0.9853179723583114"
"4d2d30641a29ef778b5783957c5c33ae"	"D_0__Bacteria;D_1__Firmicutes;D_2__Bacilli;D_3__Lactobacillales;D_4__Lactobacillaceae;D_5__Lactobacillus"	"0.9982404584502147"
"4db3200444daeb671325ce163337b63a"	"D_0__Bacteria;D_1__Proteobacteria;D_2__Gammaproteobacteria;D_3__Xanthomonadales;D_4__Xanthomonadaceae;D_5__Stenotrophomonas"	"0.999937723797926"
"4dfea4633ff3fba0b29270962e1cb5ea"	"D_0__Bacteria;D_1__Firmicutes;D_2__Bacilli;D_3__Bacillales;D_4__Bacillaceae;D_5__Bacillus"	"0.9817115598349433"
"4e278ec03101c38f1ad709e06a2561db"	"D_0__Bacteria;D_1__Proteobacteria;D_2__Betaproteobacteria;D_3__Burkholderiales;D_4__Oxalobacteraceae;D_5__Massilia"	"0.9792165445240628"
"4f01d127fbd68f8e4eaca6e049c7e8bd"	"D_0__Bacteria"	"0.9467172924589082"
"4fa7999ddeac300066f4e86af2e94fc6"	"D_0__Bacteria;D_1__Bacteroidetes;D_2__Flavobacteriia;D_3__Flavobacteriales;D_4__Flavobacteriaceae;D_5__Bergeyella;D_6__uncultured bacterium;D_7__;D_8__;D_9__;D_10__;D_11__;D_12__;D_13__;D_14__"	"0.9841210468002123"
"4fd2e5fb68c508b1e474920d5ff5aee5"	"D_0__Bacteria;D_1__Proteobacteria;D_2__Alphaproteobacteria;D_3__Caulobacterales;D_4__Caulobacteraceae;D_5__Caulobacter"	"0.9741493248906966"
"4fee674e3415dc11d8ffb88310a2f6de"	"D_0__Bacteria;D_1__Firmicutes;D_2__Bacilli;D_3__Bacillales;D_4__Bacillaceae;D_5__Bacillus"	"0.9651543131584285"
"5016fd1c3d412e1bccf7d7d9583c0249"	"D_0__Bacteria;D_1__Firmicutes;D_2__Bacilli;D_3__Bacillales;D_4__Bacillaceae;D_5__Bacillus"	"0.9410341668463527"
"50eef4732289d487b663a8c259b3fe88"	"D_0__Bacteria"	"0.9795964025772795"
"51748eff6ad815c20fb20d52d312f052"	"D_0__Bacteria"	"0.957071843833372"
"519bac356ea547dad5a417ce4896b99f"	"D_0__Bacteria"	"0.9599071570062722"
"51d652ebfa1fc5aaadad7a79f45698f1"	"D_0__Bacteria;D_1__Proteobacteria;D_2__Alphaproteobacteria;D_3__Rhizobiales;D_4__Phyllobacteriaceae;D_5__Mesorhizobium"	"0.879089768132805"
"5200b938cf10ebb2da0cab70faa5accd"	"D_0__Bacteria;D_1__Firmicutes;D_2__Bacilli;D_3__Lactobacillales;D_4__Streptococcaceae;D_5__Streptococcus"	"0.9999935442595982"
"521c0444e7bb18b92a23b4003a96ef2f"	"D_0__Bacteria"	"0.9595400521644901"
"52337a3794709b2bb0defd771b21e800"	"D_0__Bacteria;D_1__Saccharibacteria;D_2__Unknown Class;D_3__Unknown Order;D_4__Unknown Family;D_5__Candidatus Saccharimonas;Ambiguous_taxa;D_7__;D_8__;D_9__;D_10__;D_11__;D_12__;D_13__;D_14__"	"0.8689718940335627"
"52409acfe516ea5f9db039bc3292b14c"	"D_0__Bacteria;D_1__Firmicutes;D_2__Bacilli;D_3__Lactobacillales;D_4__Carnobacteriaceae;D_5__Desemzia;D_6__uncultured bacterium;D_7__;D_8__;D_9__;D_10__;D_11__;D_12__;D_13__;D_14__"	"0.8195917302062947"
"52503be52161f2160249a7703934035f"	"D_0__Bacteria;D_1__Firmicutes;D_2__Bacilli;D_3__Lactobacillales;D_4__Carnobacteriaceae"	"0.7320757872051175"
"5359d1a5b8cfbccee8c48765c14677fc"	"D_0__Bacteria"	"0.9633727361563298"
"542b4583b767fcb008169c8c29f2424e"	"D_0__Bacteria"	"0.9215637000026428"
"568a8e5edc429cccc34952e9a6e9777a"	"D_0__Bacteria;D_1__Firmicutes;D_2__Bacilli;D_3__Bacillales;D_4__Bacillaceae;D_5__Bacillus;D_6__Bacillus subtilis;D_7__;D_8__;D_9__;D_10__;D_11__;D_12__;D_13__;D_14__"	"0.8810723051905198"
"56adb9b3f507aa80d500741e9d1d5232"	"Unassigned"	"0.9299315627588634"
"56d365d6705c73befe4f5ff1b9b3f36b"	"D_0__Bacteria"	"0.957836348617091"
"57284171288461468ec82f8e5ef5a6a8"	"D_0__Bacteria"	"0.9516358775005672"
"585abe5fdf5555a4dc62a91822298918"	"D_0__Bacteria;D_1__Firmicutes;D_2__Bacilli;D_3__Bacillales;D_4__Staphylococcaceae;D_5__Staphylococcus;Ambiguous_taxa;D_7__;D_8__;D_9__;D_10__;D_11__;D_12__;D_13__;D_14__"	"0.7001170700641604"
"587d1d488a8a6f9fc486e34a944ad09d"	"D_0__Bacteria"	"0.9591076388725471"
"58a97bbd868df5de685f6e2f699ba6d4"	"D_0__Bacteria;D_1__Proteobacteria;D_2__Alphaproteobacteria;D_3__Rhizobiales;D_4__Bradyrhizobiaceae;D_5__Bradyrhizobium"	"0.7636090896157923"
"58f64686fa93c308319eada9923144a6"	"D_0__Bacteria;D_1__Proteobacteria;D_2__Alphaproteobacteria;D_3__Rhodobacterales;D_4__Rhodobacteraceae;D_5__Paracoccus;Ambiguous_taxa;D_7__;D_8__;D_9__;D_10__;D_11__;D_12__;D_13__;D_14__"	"0.8174872925439295"
"594581cfc2f4faf06cbc98a047959e60"	"D_0__Bacteria;D_1__Verrucomicrobia;D_2__Verrucomicrobiae;D_3__Verrucomicrobiales;D_4__Verrucomicrobiaceae;D_5__uncultured;D_6__uncultured soil bacterium;D_7__;D_8__;D_9__;D_10__;D_11__;D_12__;D_13__;D_14__"	"0.817782701130512"
"59af3ec5dde9350ab1e8535f6673a4c9"	"D_0__Bacteria;D_1__Proteobacteria;D_2__Alphaproteobacteria;D_3__Rickettsiales;D_4__Anaplasmataceae;D_5__Wolbachia;Ambiguous_taxa;D_7__;D_8__;D_9__;D_10__;D_11__;D_12__;D_13__;D_14__"	"0.9993456355037103"
"59b659811db3397c5057efcbaad1f4fc"	"D_0__Bacteria;D_1__Cyanobacteria;D_2__Chloroplast"	"0.9996739052042686"
"5a0ea856831c3da35b77842ff5610900"	"D_0__Bacteria;D_1__Saccharibacteria"	"0.9999833268659767"
"5a351992d3e704fe467f69410ea1d8f0"	"D_0__Bacteria;D_1__Proteobacteria;D_2__Alphaproteobacteria;D_3__Sphingomonadales;D_4__Sphingomonadaceae;D_5__Sphingomonas"	"0.9134095847273674"
"5aa16127ee335e697da3718379909d7f"	"D_0__Bacteria;D_1__Verrucomicrobia;D_2__OPB35 soil group"	"0.999967627204069"
"5ad5b2f11c1f7be363b996f7733d2dc5"	"D_0__Bacteria;D_1__Bacteroidetes;D_2__Flavobacteriia;D_3__Flavobacteriales;D_4__Flavobacteriaceae;D_5__Chryseobacterium;D_6__uncultured bacterium;D_7__;D_8__;D_9__;D_10__;D_11__;D_12__;D_13__;D_14__"	"0.7949875011169268"
"5b6c407c67a31f1a6a451c489aa56ea8"	"D_0__Bacteria;D_1__Proteobacteria;D_2__Betaproteobacteria;D_3__Burkholderiales;D_4__Burkholderiaceae;D_5__Lautropia;D_6__uncultured bacterium;D_7__;D_8__;D_9__;D_10__;D_11__;D_12__;D_13__;D_14__"	"0.9992073501392932"
"5bea7bc1ff66c20e3b9af919acb21f30"	"D_0__Bacteria"	"0.9691358517721"
"5c6bf721371dfed57af96b3dddfa6625"	"D_0__Bacteria;D_1__Bacteroidetes;D_2__Flavobacteriia;D_3__Flavobacteriales;D_4__Flavobacteriaceae;D_5__Chryseobacterium"	"0.9998873808705218"
"5c90b2567da03c121fe56de24d00495b"	"D_0__Bacteria;D_1__Proteobacteria;D_2__Gammaproteobacteria;D_3__Gammaproteobacteria Incertae Sedis;D_4__Unknown Family;D_5__Methylonatrum;Ambiguous_taxa;D_7__;D_8__;D_9__;D_10__;D_11__;D_12__;D_13__;D_14__"	"0.7280811916066346"
"5caabcf6d5357d037c1796b9b8135bcf"	"D_0__Bacteria;D_1__Firmicutes;D_2__Bacilli;D_3__Bacillales;D_4__Bacillaceae;D_5__Bacillus"	"0.9998787343206199"
"5d853e4f6a3a92484168d9691021f41d"	"D_0__Bacteria;D_1__Actinobacteria;D_2__Actinobacteria;D_3__Corynebacteriales;D_4__Nocardiaceae;D_5__Rhodococcus"	"0.9994070292156513"
"5dd60484c19991d6b382c9cf9baa4483"	"D_0__Bacteria;D_1__Proteobacteria;D_2__Alphaproteobacteria;D_3__Sphingomonadales;D_4__Sphingomonadaceae;D_5__Sphingomonas"	"0.990074884794696"
"5e068093ef20adbc465d92f1a0511c3a"	"D_0__Bacteria;D_1__Firmicutes;D_2__Bacilli;D_3__Bacillales;D_4__Staphylococcaceae;D_5__Staphylococcus;Ambiguous_taxa;D_7__;D_8__;D_9__;D_10__;D_11__;D_12__;D_13__;D_14__"	"0.7212813940546892"
"5e38d69a3b5cdea27154d7c7e2441d3a"	"D_0__Bacteria;D_1__Proteobacteria;D_2__Betaproteobacteria;D_3__Burkholderiales;D_4__Alcaligenaceae;D_5__Castellaniella;D_6__uncultured bacterium;D_7__;D_8__;D_9__;D_10__;D_11__;D_12__;D_13__;D_14__"	"0.7213652646573159"
"5e6db6684ae294181e8472d26f3742c5"	"D_0__Bacteria;D_1__Proteobacteria;D_2__Alphaproteobacteria;D_3__Rhizobiales;D_4__Methylobacteriaceae;D_5__Methylobacterium;Ambiguous_taxa;D_7__;D_8__;D_9__;D_10__;D_11__;D_12__;D_13__;D_14__"	"0.90166829677137"
"5f2ecebb3cd8701c411746aa19289c5e"	"D_0__Bacteria;D_1__Firmicutes;D_2__Clostridia;D_3__Clostridiales;D_4__Lachnospiraceae"	"0.9999278278090733"
"5f650cbb63e8424e3ff9c4c71fc08dea"	"D_0__Bacteria;D_1__Bacteroidetes;D_2__Bacteroidia;D_3__Bacteroidales;D_4__Prevotellaceae;D_5__Alloprevotella"	"0.9999972317342182"
"601e192b852b9e30fddcf97de153c38a"	"D_0__Bacteria;D_1__Bacteroidetes;D_2__Flavobacteriia;D_3__Flavobacteriales;D_4__Flavobacteriaceae;D_5__Chryseobacterium;Ambiguous_taxa;D_7__;D_8__;D_9__;D_10__;D_11__;D_12__;D_13__;D_14__"	"0.9031043958173472"
"60ec9dfbd12b784a958a37b0a8b2472a"	"D_0__Bacteria;D_1__Verrucomicrobia;D_2__Verrucomicrobiae;D_3__Verrucomicrobiales;D_4__Verrucomicrobiaceae"	"0.9925999757360242"
"615dcd87afd4dfe6e2f7f31e4672c360"	"D_0__Bacteria"	"0.9515032311319358"
"62215436d43609e8b510a87337804353"	"D_0__Bacteria"	"0.9729442388242274"
"62272be0ef3bde6a779e3950e4ce5593"	"D_0__Bacteria"	"0.9700962678630216"
"6263e499abd8ff07dc6ba0f0636c6d03"	"D_0__Bacteria;D_1__Proteobacteria;D_2__Gammaproteobacteria;D_3__Enterobacteriales;D_4__Enterobacteriaceae"	"0.9999761947105709"
"627a8d5984ce8123a1b28e33950ccd4a"	"D_0__Bacteria"	"0.9740052404115687"
"63306da865be468ca012eefac2e13556"	"D_0__Bacteria"	"0.9631765661576098"
"6347f49f29498ca5d372acf078867f8c"	"D_0__Bacteria;D_1__Proteobacteria;D_2__Alphaproteobacteria;D_3__Rhizobiales;D_4__Phyllobacteriaceae;D_5__Mesorhizobium"	"0.8946130747445117"
"639133b5832bac6d2fba4598e9089dd9"	"D_0__Bacteria;D_1__Bacteroidetes;D_2__Bacteroidia;D_3__Bacteroidales;D_4__Prevotellaceae;D_5__Prevotella"	"0.996852747316493"
"6435a940d4a44a1491c5777ceca072f1"	"D_0__Bacteria;D_1__Proteobacteria;D_2__Alphaproteobacteria;D_3__Rhodobacterales;D_4__Rhodobacteraceae;D_5__Paracoccus;Ambiguous_taxa;D_7__;D_8__;D_9__;D_10__;D_11__;D_12__;D_13__;D_14__"	"0.8313668845501667"
"652692f8836ba68b6e84fc7eefac5074"	"D_0__Bacteria;D_1__Proteobacteria;D_2__Alphaproteobacteria;D_3__Sphingomonadales;D_4__Sphingomonadaceae;D_5__Sphingomonas"	"0.9715952784236793"
"65a269efe272f3cf821321f789c23e06"	"D_0__Bacteria;D_1__Proteobacteria;D_2__Gammaproteobacteria;D_3__Pseudomonadales;D_4__Pseudomonadaceae;D_5__Pseudomonas"	"0.998820524168917"
"662626b38a67c3b4dc9574c2e78ca114"	"D_0__Bacteria;D_1__Actinobacteria;D_2__Actinobacteria;D_3__Micrococcales;D_4__Micrococcaceae;D_5__Kocuria;Ambiguous_taxa;D_7__;D_8__;D_9__;D_10__;D_11__;D_12__;D_13__;D_14__"	"0.8040786261962912"
"66ad91a7ebab6a2347c6041f6959f4a3"	"D_0__Bacteria"	"0.9420285118084221"
"69e83ee8990abc9bd7e68e97cea9abcf"	"D_0__Bacteria"	"0.9630411713036382"
"69eda096c7af8c5d87a9edc4e9a7c57d"	"D_0__Bacteria;D_1__Actinobacteria;D_2__Actinobacteria;D_3__Corynebacteriales;D_4__Corynebacteriaceae;D_5__Lawsonella;D_6__uncultured bacterium;D_7__;D_8__;D_9__;D_10__;D_11__;D_12__;D_13__;D_14__"	"0.8663327318129479"
"6a1fbce95952b7ea02942cdbcdc2c8e3"	"D_0__Bacteria"	"0.9601044448524007"
"6b507c6ec7cb3f8310efaf91cf0f8ca1"	"Unassigned"	"0.9557425626787298"
"6b7d10eda1203bab23150287582a8d83"	"D_0__Bacteria"	"0.9668164207678348"
"6ba87a6bad1ceceb29aa21b6182375b2"	"D_0__Bacteria"	"0.9550101727857583"
"6bf1b5b265b377e106e7dd4cb69d9fc3"	"D_0__Bacteria"	"0.9573256932629652"
"6d0b7c46990448c66c54b620e81638fc"	"D_0__Bacteria;D_1__Proteobacteria;D_2__Betaproteobacteria;D_3__Burkholderiales;D_4__Burkholderiaceae;D_5__Burkholderia-Paraburkholderia"	"0.9881207790166255"
"6d58aff4eba5e4ef87c510f32aaf5503"	"D_0__Bacteria"	"0.9571172141466308"
"6d664a45a11e5553e1e680f915a40dd0"	"D_0__Bacteria"	"0.9736357061774296"
"6d68d33868530411918822a7bd3571f0"	"D_0__Bacteria"	"0.9586036949075734"
"6e65b2ddb53ca6ac3eb0913502589cbc"	"D_0__Bacteria;D_1__Firmicutes;D_2__Bacilli;D_3__Bacillales;D_4__Staphylococcaceae;D_5__Staphylococcus"	"0.9999180573051865"
"6e8e72a71775a106d5aee1c0e251cfba"	"D_0__Bacteria"	"0.9732372279314235"
"6f663645566da92fb9f7ef0e22112aa3"	"D_0__Bacteria;D_1__Proteobacteria;D_2__Gammaproteobacteria;D_3__Vibrionales;D_4__Vibrionaceae;D_5__Photobacterium"	"0.9082702782998411"
"6fcbf58d5eba78da5b0f1ae6b7add388"	"D_0__Bacteria;D_1__Actinobacteria;D_2__Actinobacteria;D_3__Actinomycetales;D_4__Actinomycetaceae;D_5__Actinomyces;D_6__uncultured bacterium;D_7__;D_8__;D_9__;D_10__;D_11__;D_12__;D_13__;D_14__"	"0.9156212429965339"
"708d2ea7cec147e06aa73941b9e9b899"	"D_0__Bacteria"	"0.9591636981256294"
"70905fea65c3b5f1e7fb6ef07cb2d584"	"D_0__Bacteria;D_1__Proteobacteria;D_2__Alphaproteobacteria;D_3__Rhizobiales;D_4__Bradyrhizobiaceae;D_5__Bradyrhizobium"	"0.8800226783271521"
"7104cb9031bf2a08e02a24566b84f40e"	"D_0__Bacteria;D_1__Actinobacteria;D_2__Actinobacteria;D_3__Micrococcales;D_4__Intrasporangiaceae"	"0.9699214728593256"
"71a1443414f89b4e6dec29657a4243d9"	"D_0__Bacteria"	"0.9313698689674913"
"71b67ca1392e4c5b0405c8c70a7e53a0"	"D_0__Bacteria;D_1__Proteobacteria;D_2__Betaproteobacteria;D_3__Neisseriales;D_4__Neisseriaceae;D_5__Neisseria;D_6__uncultured bacterium;D_7__;D_8__;D_9__;D_10__;D_11__;D_12__;D_13__;D_14__"	"0.9708889996389494"
"71c155be938b3723af5331d6d2d274cf"	"D_0__Bacteria;D_1__Proteobacteria;D_2__Alphaproteobacteria;D_3__Rhodospirillales;D_4__Rhodospirillales Incertae Sedis;D_5__Reyranella"	"0.999994348624522"
"71c53f72b5bbd4c1b58fcbabf3739364"	"D_0__Bacteria"	"0.9631464490897625"
"727468e1609634b15fb02f62fbb327d4"	"D_0__Bacteria;D_1__Firmicutes;D_2__Bacilli;D_3__Bacillales;D_4__Bacillaceae;D_5__Bacillus"	"0.999857858534283"
"730573287b7a173bddcb4ba1a49a4f47"	"D_0__Bacteria;D_1__Firmicutes;D_2__Bacilli;D_3__Bacillales;D_4__Staphylococcaceae;D_5__Staphylococcus;Ambiguous_taxa;D_7__;D_8__;D_9__;D_10__;D_11__;D_12__;D_13__;D_14__"	"0.9481197068965961"
"7450e59ba17b2f4a78506397b08eb71f"	"D_0__Bacteria;D_1__Proteobacteria;D_2__Alphaproteobacteria;D_3__Sphingomonadales;D_4__Sphingomonadaceae;D_5__Sphingomonas;Ambiguous_taxa;D_7__;D_8__;D_9__;D_10__;D_11__;D_12__;D_13__;D_14__"	"0.729002848149612"
"746559ddbc81c1069e3c137590b1d1a1"	"D_0__Bacteria;D_1__Proteobacteria;D_2__Gammaproteobacteria;D_3__Xanthomonadales;D_4__Xanthomonadales Incertae Sedis;D_5__Acidibacter"	"0.9996540338075303"
"74d4d3db3eae5350d532119f3f8d77f6"	"D_0__Bacteria"	"0.9620282834188876"
"74de2dc925ce17e194e4ee6380ac1cb2"	"D_0__Bacteria"	"0.9425205804057715"
"7563813d792846f99fbdacbe8c7f0102"	"D_0__Bacteria;D_1__Firmicutes;D_2__Bacilli;D_3__Lactobacillales;D_4__Lactobacillaceae;D_5__Lactobacillus"	"0.9998563330735911"
"758daba49e62fa6e2336636e8d86b19f"	"D_0__Bacteria;D_1__Proteobacteria;D_2__Gammaproteobacteria;D_3__Enterobacteriales;D_4__Enterobacteriaceae"	"0.9997039792534703"
"75e92972c196487e5e51c8aff0ec94fb"	"D_0__Bacteria"	"0.9386234547977196"
"7637dfba4bedfe921e9b6f9299f16f59"	"D_0__Bacteria"	"0.9528968251603315"
"76c947384026110c97f835d389972a19"	"D_0__Bacteria;D_1__Firmicutes;D_2__Bacilli;D_3__Lactobacillales;D_4__Streptococcaceae;D_5__Streptococcus"	"0.9999960394883805"
"77d604c4cb0a5c3ca288da3d7cbad674"	"D_0__Bacteria;D_1__Firmicutes;D_2__Bacilli;D_3__Lactobacillales;D_4__Streptococcaceae;D_5__Streptococcus"	"0.9999739202441558"
"78214b6fc8e9757206c5a23ac386a958"	"Unassigned"	"0.9495973511918514"
"783c5bc40513df5700ca8214f107ec38"	"D_0__Bacteria;D_1__Proteobacteria;D_2__Gammaproteobacteria;D_3__Enterobacteriales;D_4__Enterobacteriaceae"	"0.9997980991944454"
"785cbb72f975f7bbd8c756dcd6b40082"	"D_0__Bacteria;D_1__Proteobacteria;D_2__Alphaproteobacteria;D_3__Caulobacterales;D_4__Caulobacteraceae;D_5__Caulobacter"	"0.9738869299395758"
"79664111b317958d305544681f0bd3dd"	"D_0__Bacteria;D_1__Proteobacteria;D_2__Alphaproteobacteria;D_3__Sphingomonadales;D_4__Sphingomonadaceae;D_5__Sphingomonas"	"0.9498515951466584"
"798adb3f35594d0f0de8bb426d916d59"	"D_0__Bacteria;D_1__Firmicutes;D_2__Bacilli;D_3__Lactobacillales;D_4__Lactobacillaceae;D_5__Lactobacillus"	"0.9949889094226317"
"79e1a87537a31fc161b0fbabf0066f71"	"D_0__Bacteria"	"0.9669031786755184"
"79e342c4225bb4d540177c7de6811aa1"	"D_0__Bacteria"	"0.9719488801064616"
"7b0b662dff6fefea894426fde46ec5ac"	"Unassigned"	"0.9435963127197687"
"7b162be3c32a071d932ff88ec4f9e940"	"D_0__Bacteria;D_1__Proteobacteria;D_2__Betaproteobacteria;D_3__Hydrogenophilales;D_4__Hydrogenophilaceae;D_5__Hydrogenophilus;Ambiguous_taxa;D_7__;D_8__;D_9__;D_10__;D_11__;D_12__;D_13__;D_14__"	"0.9718833717126986"
"7c07e23020b6ecf49333bda81d7fd4fd"	"D_0__Bacteria;D_1__Firmicutes;D_2__Bacilli;D_3__Lactobacillales;D_4__Lactobacillaceae;D_5__Lactobacillus"	"0.999972866877538"
"7c2e0f39eccbcfd9b5789836a8564fd4"	"D_0__Bacteria;D_1__Proteobacteria;D_2__Alphaproteobacteria;D_3__Rhizobiales;D_4__Methylobacteriaceae;D_5__Methylobacterium;Ambiguous_taxa;D_7__;D_8__;D_9__;D_10__;D_11__;D_12__;D_13__;D_14__"	"0.9244396211829132"
"7c4b20741595923792b4bbcd89611d81"	"D_0__Bacteria;D_1__Firmicutes;D_2__Bacilli;D_3__Lactobacillales;D_4__Lactobacillaceae;D_5__Lactobacillus"	"0.9999558626089979"
"7c9412a98535b437b3b8a9e689783507"	"D_0__Bacteria;D_1__Firmicutes;D_2__Negativicutes;D_3__Selenomonadales;D_4__Veillonellaceae;D_5__Veillonella"	"0.9999997668145716"
"7d6eb11f88f5c3a34a184cb503e67894"	"D_0__Bacteria;D_1__Firmicutes;D_2__Bacilli;D_3__Bacillales;D_4__Paenibacillaceae;D_5__Brevibacillus;Ambiguous_taxa;D_7__;D_8__;D_9__;D_10__;D_11__;D_12__;D_13__;D_14__"	"0.9809521358714727"
"7dc5fdf53d41b60e87f12b004488ac0f"	"D_0__Bacteria;D_1__Proteobacteria;D_2__Gammaproteobacteria;D_3__Pasteurellales;D_4__Pasteurellaceae;D_5__Haemophilus;D_6__uncultured bacterium;D_7__;D_8__;D_9__;D_10__;D_11__;D_12__;D_13__;D_14__"	"0.9672042601287566"
"7f7adc354ac6e3a3eafbda44809a41b9"	"D_0__Bacteria;D_1__Proteobacteria;D_2__Gammaproteobacteria;D_3__Xanthomonadales;D_4__Xanthomonadaceae;D_5__Stenotrophomonas;D_6__Stenotrophomonas maltophilia;D_7__;D_8__;D_9__;D_10__;D_11__;D_12__;D_13__;D_14__"	"0.7815449451909117"
"80eed65cd7c99282e5743e3ff90c1df5"	"D_0__Bacteria;D_1__Bacteroidetes;D_2__Cytophagia;D_3__Cytophagales;D_4__Cytophagaceae;D_5__Rhodocytophaga;D_6__uncultured bacterium;D_7__;D_8__;D_9__;D_10__;D_11__;D_12__;D_13__;D_14__"	"0.7757368780093232"
"80ffe017f1fdab3b67b8bfdbebab0ff7"	"D_0__Bacteria;D_1__Proteobacteria;D_2__Betaproteobacteria;D_3__Burkholderiales;D_4__Comamonadaceae;D_5__Delftia"	"0.8575442060980583"
"8119c56123f968e47a0abd396ea3d451"	"D_0__Bacteria"	"0.9476498029953383"
"812b3fcb42b2b91fbdaa6661eeacd650"	"D_0__Bacteria"	"0.9554593246122016"
"8152d7933cd1a29b864517e1e5df566d"	"D_0__Bacteria;D_1__Proteobacteria;D_2__Gammaproteobacteria;D_3__Xanthomonadales;D_4__Xanthomonadaceae;D_5__Stenotrophomonas"	"0.9999447403471359"
"8184ad728eba1286d1b63481d7d69fa2"	"D_0__Bacteria"	"0.9413360050551347"
"82173b704f4215c849967fc4c26bf9fb"	"D_0__Bacteria"	"0.9698101121621626"
"8271e8ab616f9fdfba5e01deb3d0fdb6"	"D_0__Bacteria"	"0.9794805036697427"
"830d40419cecbf95c310fd3151d3c49c"	"D_0__Bacteria"	"0.9563028957895463"
"84d1bd462426dbda4143db590fb74963"	"D_0__Bacteria;D_1__Planctomycetes;D_2__Planctomycetacia;D_3__Planctomycetales;D_4__Planctomycetaceae"	"0.9956596359370349"
"850aff8a6c5754746193082a6de76743"	"D_0__Bacteria;D_1__Actinobacteria;D_2__Actinobacteria;D_3__Micrococcales;D_4__Micrococcaceae;D_5__Kocuria;Ambiguous_taxa;D_7__;D_8__;D_9__;D_10__;D_11__;D_12__;D_13__;D_14__"	"0.9645085407642804"
"85fd23dce5dc026465d3932df74e53d7"	"D_0__Bacteria;D_1__Proteobacteria;D_2__Alphaproteobacteria;D_3__Rhizobiales;D_4__Methylobacteriaceae;D_5__Methylobacterium;Ambiguous_taxa;D_7__;D_8__;D_9__;D_10__;D_11__;D_12__;D_13__;D_14__"	"0.8894303390346261"
"861cd748d8a82feb77fd7adb3bbeabd3"	"D_0__Bacteria;D_1__Cyanobacteria;D_2__Chloroplast"	"0.9999022383914239"
"8657af225ebaed6c46e692140f22cc14"	"D_0__Bacteria;D_1__Actinobacteria;D_2__Actinobacteria;D_3__Propionibacteriales;D_4__Propionibacteriaceae;D_5__Propionibacterium;D_6__uncultured bacterium;D_7__;D_8__;D_9__;D_10__;D_11__;D_12__;D_13__;D_14__"	"0.7538550578029338"
"87550094aba0377a9d9ee5dff69b3649"	"D_0__Bacteria"	"0.9376865871741606"
"8761967b7fff3b8b489d17150c33ddbc"	"D_0__Bacteria;D_1__Actinobacteria;D_2__Actinobacteria;D_3__Micrococcales;D_4__Dermabacteraceae;D_5__Brachybacterium;Ambiguous_taxa;D_7__;D_8__;D_9__;D_10__;D_11__;D_12__;D_13__;D_14__"	"0.9695352945344605"
"876d1b8b65f8ee1dcc426d101ddcc44e"	"D_0__Bacteria"	"0.9661782294478346"
"879a5d380b11beda7bb6db993ef18b16"	"D_0__Bacteria;D_1__Firmicutes;D_2__Bacilli;D_3__Bacillales;D_4__Staphylococcaceae;D_5__Staphylococcus"	"0.999902514729073"
"879ab7b311d4a0d22d70eab687c9c52d"	"D_0__Bacteria;D_1__Parcubacteria"	"0.8129581785052722"
"87a816278f9ffb75a181488c4cbfeee1"	"D_0__Bacteria"	"0.9729190066392019"
"87e686e1652354f7e645c58f68601591"	"D_0__Bacteria;D_1__Proteobacteria;D_2__Betaproteobacteria;D_3__Burkholderiales;D_4__Comamonadaceae;D_5__Acidovorax;D_6__uncultured Acidovorax sp.;D_7__;D_8__;D_9__;D_10__;D_11__;D_12__;D_13__;D_14__"	"0.7596973232927597"
"880917f72b2134a18a5e42c26c555380"	"D_0__Bacteria;D_1__Proteobacteria;D_2__Alphaproteobacteria;D_3__Rhizobiales;D_4__Brucellaceae;D_5__Ochrobactrum"	"0.8853911560180839"
"8930ea3d0c8678da875b782ac02c42a5"	"D_0__Bacteria;D_1__Parcubacteria"	"0.9940565875626266"
"896059f7dad8b56c08abcf6d34fbe115"	"D_0__Bacteria;D_1__Proteobacteria;D_2__Gammaproteobacteria;D_3__Legionellales;D_4__Legionellaceae;D_5__Legionella;D_6__uncultured bacterium;D_7__;D_8__;D_9__;D_10__;D_11__;D_12__;D_13__;D_14__"	"0.7223389889643418"
"8a7af679d77f0ad2c95591fb45a118db"	"D_0__Bacteria;D_1__Cyanobacteria;D_2__Chloroplast"	"0.9998902767123523"
"8bd2a521fcb5e0e1fd9684ba248ebf19"	"D_0__Bacteria;D_1__Firmicutes;D_2__Bacilli;D_3__Lactobacillales;D_4__Lactobacillaceae;D_5__Lactobacillus"	"0.9999700263404707"
"8bd336a1ce64ae41077955a55d4746b5"	"D_0__Bacteria;D_1__Proteobacteria;D_2__Alphaproteobacteria;D_3__Rhodobacterales;D_4__Rhodobacteraceae;D_5__Paracoccus;Ambiguous_taxa;D_7__;D_8__;D_9__;D_10__;D_11__;D_12__;D_13__;D_14__"	"0.8270898360120683"
"8c8200572ffbbb811d1cc74b97885d2c"	"D_0__Bacteria;D_1__Proteobacteria;D_2__Gammaproteobacteria;D_3__Alteromonadales;D_4__Pseudoalteromonadaceae;D_5__Pseudoalteromonas"	"0.9999971120228116"
"8cc74802384b4bb572e6e457d3e2f733"	"D_0__Bacteria;D_1__Firmicutes;D_2__Clostridia;D_3__Clostridiales;D_4__Family XI;D_5__Anaerococcus;Ambiguous_taxa;D_7__;D_8__;D_9__;D_10__;D_11__;D_12__;D_13__;D_14__"	"0.9392417833301665"
"8cef01f43b4e2ddd1dcd306ab5511cfa"	"D_0__Bacteria;D_1__Bacteroidetes;D_2__Flavobacteriia;D_3__Flavobacteriales;D_4__Flavobacteriaceae;D_5__Chryseobacterium"	"0.9997592096023815"
"8db47afe94b5c8a6d6b2e2a50bbb0a02"	"D_0__Bacteria;D_1__Proteobacteria;D_2__Gammaproteobacteria;D_3__Pasteurellales;D_4__Pasteurellaceae;D_5__Haemophilus;D_6__uncultured bacterium;D_7__;D_8__;D_9__;D_10__;D_11__;D_12__;D_13__;D_14__"	"0.9622599719554332"
"8e0c3981719553595d5256a6605ffa8a"	"D_0__Bacteria;D_1__Firmicutes;D_2__Bacilli;D_3__Lactobacillales;D_4__Streptococcaceae;D_5__Streptococcus"	"0.9999799331708179"
"8e55421b53170ed325295a521f28b396"	"D_0__Bacteria;D_1__Proteobacteria;D_2__Gammaproteobacteria;D_3__Pseudomonadales;D_4__Moraxellaceae;D_5__Acinetobacter;D_6__Acinetobacter calcoaceticus;D_7__;D_8__;D_9__;D_10__;D_11__;D_12__;D_13__;D_14__"	"0.9765001974161437"
"8ed41845e6aa2df121b1980a23f524e8"	"D_0__Bacteria;D_1__Parcubacteria;D_2__Candidatus Moranbacteria"	"0.7753235694377942"
"8edd1bf8e7071601f3a2fb91de0d8007"	"D_0__Bacteria"	"0.9390386809411453"
"8ee382523753650067f56a96c873ccc8"	"D_0__Bacteria;D_1__Firmicutes;D_2__Bacilli;D_3__Bacillales;D_4__Staphylococcaceae;D_5__Staphylococcus;Ambiguous_taxa;D_7__;D_8__;D_9__;D_10__;D_11__;D_12__;D_13__;D_14__"	"0.8833915722062641"
"8fcefc39e068be13e4d693f17034d091"	"D_0__Bacteria;D_1__Firmicutes;D_2__Bacilli;D_3__Bacillales;D_4__Staphylococcaceae;D_5__Staphylococcus;Ambiguous_taxa;D_7__;D_8__;D_9__;D_10__;D_11__;D_12__;D_13__;D_14__"	"0.7045191975138395"
"90dcff9526912dacc4dbfdedabd02e96"	"D_0__Bacteria;D_1__Proteobacteria;D_2__Alphaproteobacteria;D_3__Rhodospirillales"	"0.8943704650143219"
"928af1547c50e7a5ebad80ea5fc07f37"	"D_0__Bacteria;D_1__Proteobacteria;D_2__Betaproteobacteria;D_3__Methylophilales;D_4__Methylophilaceae"	"0.9999651490188334"
"93bf1405df92689f8f14a47e23d96544"	"D_0__Bacteria;D_1__Firmicutes;D_2__Bacilli;D_3__Lactobacillales;D_4__Leuconostocaceae;D_5__Leuconostoc"	"0.9999786528378818"
"93c31f28c7bc679156a9e3a46a390475"	"D_0__Bacteria;D_1__Proteobacteria;D_2__Alphaproteobacteria;D_3__Rhodospirillales;D_4__Acetobacteraceae;D_5__Acetobacter;Ambiguous_taxa;D_7__;D_8__;D_9__;D_10__;D_11__;D_12__;D_13__;D_14__"	"0.9498296251288206"
"94634791d8f8ace558b52f30ea5a23c3"	"D_0__Bacteria"	"0.9684597246299325"
"94ec03f5d8abdc5ecb06d8fccb4ac5c6"	"D_0__Bacteria;D_1__Proteobacteria;D_2__Alphaproteobacteria;D_3__Rhizobiales;D_4__Bradyrhizobiaceae;D_5__Bosea;D_6__uncultured bacterium;D_7__;D_8__;D_9__;D_10__;D_11__;D_12__;D_13__;D_14__"	"0.7164013493945528"
"9614f14ef5ee718f8bb2aaad556f657b"	"D_0__Bacteria"	"0.964233582645692"
"962681d1214012f9a5a7f2df93ba817c"	"D_0__Bacteria;D_1__Firmicutes;D_2__Clostridia;D_3__Clostridiales;D_4__Family XI;D_5__Finegoldia;D_6__uncultured bacterium;D_7__;D_8__;D_9__;D_10__;D_11__;D_12__;D_13__;D_14__"	"0.9944060501060407"
"9655f4b413041f743336a1027a9b763a"	"D_0__Bacteria;D_1__Actinobacteria;D_2__Actinobacteria;D_3__Kineosporiales;D_4__Kineosporiaceae;D_5__Quadrisphaera"	"0.9932992822506028"
"97a01426758e0339669bc7c743acda4a"	"D_0__Bacteria;D_1__Proteobacteria;D_2__Alphaproteobacteria;D_3__Rhizobiales;D_4__Bradyrhizobiaceae;D_5__Bradyrhizobium"	"0.8960728227276423"
"97ce2aab9c5eb44eb278bb69dc7732fd"	"D_0__Bacteria;D_1__Firmicutes;D_2__Bacilli;D_3__Bacillales;D_4__Staphylococcaceae;D_5__Staphylococcus"	"0.9999332611591591"
"9818f3630af2fc455e0e9e56c06c9ed7"	"D_0__Bacteria;D_1__Acidobacteria;D_2__Subgroup 6"	"0.9999981168168947"
"98cbe9ce7e8028623c6dc598fb1277de"	"D_0__Bacteria"	"0.9588965394237804"
"993f783989d55e15b2da3444f681fe08"	"D_0__Bacteria"	"0.942126811983588"
"9951455fe1ae43f044cdb0168aa09abd"	"D_0__Bacteria;D_1__Proteobacteria;D_2__Alphaproteobacteria;D_3__Caulobacterales;D_4__Caulobacteraceae;D_5__Brevundimonas"	"0.9264293435779378"
"9b79a86b8bc33ee50f5cb2f9b21f446b"	"D_0__Bacteria;D_1__Firmicutes;D_2__Bacilli;D_3__Bacillales;D_4__Bacillaceae;D_5__Bacillus;D_6__Bacillus subtilis;D_7__;D_8__;D_9__;D_10__;D_11__;D_12__;D_13__;D_14__"	"0.8671122306058018"
"9bae160a300bb91bfeb86e4868b070db"	"D_0__Bacteria"	"0.9627615417498588"
"9bb9570645d80c9370ddcd620d0eca5d"	"D_0__Bacteria;D_1__Proteobacteria;D_2__Alphaproteobacteria;D_3__Rickettsiales;D_4__Mitochondria;D_5__Triticum aestivum (bread wheat);D_6__;D_7__;D_8__;D_9__;D_10__;D_11__;D_12__;D_13__;D_14__"	"0.7887208552820569"
"9bc48d6da1e6b176382eb65a466ef498"	"D_0__Bacteria;D_1__Cyanobacteria;D_2__Chloroplast"	"0.9997274617087261"
"9bd566830a64acf020cec0872cbb15e7"	"D_0__Bacteria;D_1__Proteobacteria;D_2__Gammaproteobacteria;D_3__Pseudomonadales;D_4__Moraxellaceae;D_5__Enhydrobacter;D_6__uncultured bacterium;D_7__;D_8__;D_9__;D_10__;D_11__;D_12__;D_13__;D_14__"	"0.9981388830587212"
"9bf7d40b620958b2670833cfa5b9eb45"	"D_0__Bacteria;D_1__Proteobacteria;D_2__Gammaproteobacteria;D_3__Xanthomonadales;D_4__Xanthomonadaceae;D_5__Stenotrophomonas"	"0.9999566277677224"
"9c7b33e25e4f896acaa94e959d9ab0aa"	"D_0__Bacteria"	"0.9939875407034052"
"9cc065aadfbdd9c501c72677788cc697"	"D_0__Bacteria"	"0.966051948897911"
"9d020c88bf9913b7c6ed7c55d51fb600"	"D_0__Bacteria;D_1__Proteobacteria;D_2__Alphaproteobacteria;D_3__Sphingomonadales;D_4__Sphingomonadaceae"	"0.7539482597449956"
"9d42e297b350040c35e1793a7056f1c6"	"Unassigned"	"0.9168377312432096"
"9ddddbd950af998c77d1c7ef1b2834c3"	"Unassigned"	"0.9609794213472095"
"9e6b892d46cfb6261618ec3e4874d833"	"D_0__Bacteria;D_1__Proteobacteria;D_2__Gammaproteobacteria;D_3__Xanthomonadales;D_4__Xanthomonadales Incertae Sedis;D_5__Acidibacter"	"0.9995357727317197"
"9f1cb742e43f7a63b8286b833eea8102"	"D_0__Bacteria"	"0.927796120685679"
"9f6c2513c2661f247c1349f18b768c80"	"D_0__Bacteria;D_1__Proteobacteria;D_2__Alphaproteobacteria;D_3__Rhizobiales;D_4__Methylobacteriaceae;D_5__Methylobacterium;Ambiguous_taxa;D_7__;D_8__;D_9__;D_10__;D_11__;D_12__;D_13__;D_14__"	"0.7290290223738979"
"9fc883c2e6148f0d914af88484356917"	"D_0__Bacteria;D_1__Proteobacteria;D_2__Gammaproteobacteria;D_3__Xanthomonadales;D_4__Xanthomonadaceae;D_5__Stenotrophomonas;D_6__Stenotrophomonas maltophilia;D_7__;D_8__;D_9__;D_10__;D_11__;D_12__;D_13__;D_14__"	"0.7609381057344389"
"a053013607ba9d5fa3da1dced191a016"	"D_0__Bacteria;D_1__Firmicutes;D_2__Bacilli;D_3__Bacillales;D_4__Bacillaceae;D_5__Bacillus"	"0.970941780098968"
"a07fe57bea72d70a07812a5bd7663000"	"D_0__Bacteria;D_1__SR1 (Absconditabacteria);Ambiguous_taxa;D_3__;D_4__;D_5__;D_6__;D_7__;D_8__;D_9__;D_10__;D_11__;D_12__;D_13__;D_14__"	"0.9943182316270918"
"a191a28e967462891888f5ceff9e5138"	"D_0__Bacteria"	"0.9681260501967892"
"a20e856c948851248a23f66ab29b87fe"	"D_0__Bacteria;D_1__Proteobacteria;D_2__Gammaproteobacteria;D_3__Xanthomonadales;D_4__Xanthomonadaceae;D_5__Pseudoxanthomonas;Ambiguous_taxa;D_7__;D_8__;D_9__;D_10__;D_11__;D_12__;D_13__;D_14__"	"0.7949275419355253"
"a2d523a39514908ccb4a8f2f3181ea9b"	"D_0__Bacteria;D_1__Proteobacteria;D_2__Gammaproteobacteria;D_3__Pasteurellales;D_4__Pasteurellaceae;D_5__Haemophilus;D_6__uncultured bacterium;D_7__;D_8__;D_9__;D_10__;D_11__;D_12__;D_13__;D_14__"	"0.9689361196782432"
"a2f2d1219f51acaf61abb1cc9e24334b"	"D_0__Bacteria;D_1__Firmicutes;D_2__Bacilli;D_3__Bacillales;D_4__Bacillaceae;D_5__Bacillus;D_6__Bacillus circulans;D_7__;D_8__;D_9__;D_10__;D_11__;D_12__;D_13__;D_14__"	"0.7406917004265051"
"a302a5bad32f42576c4f4163de3cb7b8"	"D_0__Bacteria;D_1__Bacteroidetes;D_2__Flavobacteriia;D_3__Flavobacteriales;D_4__Flavobacteriaceae;D_5__Bergeyella;Ambiguous_taxa;D_7__;D_8__;D_9__;D_10__;D_11__;D_12__;D_13__;D_14__"	"0.7903215973049831"
"a3706e29b6028cdc2e2c4df095764831"	"D_0__Bacteria;D_1__Proteobacteria;D_2__Alphaproteobacteria;D_3__Rhizobiales;D_4__Hyphomicrobiaceae;D_5__Devosia"	"0.9776921576787986"
"a4193f1ebb19baf39c248ed32518beb8"	"D_0__Bacteria;D_1__Proteobacteria;D_2__Gammaproteobacteria;D_3__Pseudomonadales;D_4__Pseudomonadaceae;D_5__Pseudomonas"	"0.9990324163057498"
"a540e2b8e171fd8798ea0a9286f128a2"	"D_0__Bacteria;D_1__Bacteroidetes;D_2__Flavobacteriia;D_3__Flavobacteriales;D_4__Flavobacteriaceae;D_5__Cloacibacterium;D_6__uncultured bacterium;D_7__;D_8__;D_9__;D_10__;D_11__;D_12__;D_13__;D_14__"	"0.9982123316045388"
"a5e37415ef465d98ce3d1ee6623c748c"	"D_0__Bacteria;D_1__Proteobacteria;D_2__Gammaproteobacteria;D_3__Xanthomonadales;D_4__Xanthomonadaceae;D_5__Stenotrophomonas"	"0.9999307278604566"
"a61d9a81ab3223c0f0f3101874bbbe7a"	"D_0__Bacteria"	"0.9331583506555909"
"a628b13d0da584b44cebda8d08c9e8bf"	"D_0__Bacteria;D_1__Proteobacteria;D_2__Deltaproteobacteria;D_3__Myxococcales;D_4__BIrii41;Ambiguous_taxa;D_6__;D_7__;D_8__;D_9__;D_10__;D_11__;D_12__;D_13__;D_14__"	"0.86952096594136"
"a63128c4e2f679060a82a66ff33a958b"	"D_0__Bacteria;D_1__Actinobacteria;D_2__Actinobacteria;D_3__Corynebacteriales;D_4__Corynebacteriaceae;D_5__Lawsonella;D_6__uncultured bacterium;D_7__;D_8__;D_9__;D_10__;D_11__;D_12__;D_13__;D_14__"	"0.8889130797503746"
"a68ace7d7ee4f50ad09513287f7ab7b8"	"D_0__Bacteria;D_1__Proteobacteria;D_2__Alphaproteobacteria;D_3__Rhizobiales;D_4__Phyllobacteriaceae;D_5__Phyllobacterium;Ambiguous_taxa;D_7__;D_8__;D_9__;D_10__;D_11__;D_12__;D_13__;D_14__"	"0.8376622037770542"
"a6ac82c8d53848ecec3f0f908eca608a"	"D_0__Bacteria"	"0.9581303934183705"
"a6b0196fa9982eba970130b6a86f9ee7"	"Unassigned"	"0.9508464165286102"
"a74762b55033ffb5fd00f734d0113311"	"D_0__Bacteria;D_1__Proteobacteria;D_2__Gammaproteobacteria;D_3__Pseudomonadales;D_4__Moraxellaceae;D_5__Acinetobacter"	"0.9999356090931049"
"a7cf6a29dee744f4b214c283e8f665c5"	"D_0__Bacteria;D_1__Proteobacteria;D_2__Betaproteobacteria;D_3__Burkholderiales;D_4__Comamonadaceae"	"0.9998311890583582"
"a894abd906fca58acfcd89d409c88565"	"D_0__Bacteria;D_1__Actinobacteria;D_2__Actinobacteria;D_3__Corynebacteriales;D_4__Corynebacteriaceae;D_5__Corynebacterium 1"	"0.9628184486366965"
"a8bf61cb03d68d8b1d3b2342253ae8ef"	"D_0__Bacteria"	"0.9685672500769377"
"a8f4f0b7dda816950347c14d7e7ce8fd"	"D_0__Bacteria;D_1__Firmicutes;D_2__Bacilli;D_3__Bacillales;D_4__Paenibacillaceae;D_5__Paenibacillus"	"0.9957812989946625"
"a97573281b235a9efb1342cf8a52aa62"	"D_0__Bacteria"	"0.9632358551395419"
"a9be41b2523046f53962ee081e282f44"	"D_0__Bacteria;D_1__Proteobacteria;D_2__Gammaproteobacteria;D_3__Enterobacteriales;D_4__Enterobacteriaceae;D_5__Pantoea;Ambiguous_taxa;D_7__;D_8__;D_9__;D_10__;D_11__;D_12__;D_13__;D_14__"	"0.7106313840172525"
"a9cb22d55e1c6f8453024e5e32f6cdcf"	"D_0__Bacteria;D_1__Proteobacteria;D_2__Betaproteobacteria;D_3__Burkholderiales;D_4__Comamonadaceae;D_5__Pelomonas;D_6__uncultured bacterium;D_7__;D_8__;D_9__;D_10__;D_11__;D_12__;D_13__;D_14__"	"0.9605857775490886"
"aab911b688fc12568780a5515435e55b"	"D_0__Bacteria"	"0.9562421910878647"
"ab0b00dd66fbe7e751fd7ac62fc871ea"	"D_0__Bacteria;D_1__Firmicutes;D_2__Bacilli;D_3__Lactobacillales;D_4__Lactobacillaceae;D_5__Lactobacillus"	"0.9991730328358428"
"abb0e208bfc99c6c541c743939fd89e0"	"D_0__Bacteria;D_1__Chlorobi;D_2__Chlorobia;D_3__Chlorobiales;D_4__OPB56"	"0.7218320361771272"
"ac25146a9cd4f29ad2f37efcbc57c5c8"	"D_0__Bacteria;D_1__Parcubacteria;D_2__Candidatus Adlerbacteria;D_3__uncultured bacterium;D_4__;D_5__;D_6__;D_7__;D_8__;D_9__;D_10__;D_11__;D_12__;D_13__;D_14__"	"0.9991417277071557"
"ace2e02abc7f1733b62573d0a340e9c7"	"D_0__Bacteria;D_1__Firmicutes;D_2__Bacilli;D_3__Lactobacillales;D_4__Carnobacteriaceae"	"0.7624310323956262"
"ae4bb58b748a1eaec42f3dbf4437264d"	"D_0__Bacteria"	"0.9735902530620414"
"ae87d464ef396626e507ff16882d07f5"	"D_0__Bacteria;D_1__Firmicutes;D_2__Clostridia;D_3__Clostridiales;D_4__Ruminococcaceae;D_5__Ruminococcaceae UCG-014"	"0.9999997627455646"
"ae95488bf8a51d74b3ceb1f51fc13ba2"	"D_0__Bacteria;D_1__Proteobacteria;D_2__Alphaproteobacteria;D_3__Rhizobiales;D_4__Methylobacteriaceae;D_5__Methylobacterium"	"0.9764413754409595"
"aeaef6a7bb531cd8e43b2e9a660e7a6c"	"D_0__Bacteria;D_1__Proteobacteria;D_2__Betaproteobacteria;D_3__Neisseriales;D_4__Neisseriaceae;D_5__uncultured;D_6__uncultured bacterium;D_7__;D_8__;D_9__;D_10__;D_11__;D_12__;D_13__;D_14__"	"0.9251936776848215"
"af1d0224e652a3153665e41a69e7bda2"	"D_0__Bacteria;D_1__Proteobacteria;D_2__Gammaproteobacteria;D_3__Pseudomonadales;D_4__Moraxellaceae;D_5__Enhydrobacter;D_6__uncultured bacterium;D_7__;D_8__;D_9__;D_10__;D_11__;D_12__;D_13__;D_14__"	"0.9987241913227487"
"af3198488a5e5aeb1efafd37a2ac5dca"	"D_0__Bacteria;D_1__Proteobacteria;D_2__Alphaproteobacteria;D_3__Rhodospirillales;D_4__Rhodospirillales Incertae Sedis;D_5__Candidatus Alysiosphaera;D_6__uncultured bacterium;D_7__;D_8__;D_9__;D_10__;D_11__;D_12__;D_13__;D_14__"	"0.9851735106677407"
"af477214e520f4472aeae321b34842e2"	"D_0__Bacteria"	"0.9752965597166082"
"b02b98b3d52f331fd0eb7bbd2667bd23"	"D_0__Bacteria"	"0.9584026536552421"
"b064571873d3e0043df75231023d6008"	"D_0__Bacteria;D_1__Proteobacteria;D_2__Gammaproteobacteria;D_3__Pseudomonadales;D_4__Pseudomonadaceae;D_5__Pseudomonas"	"0.9986213502502667"
"b076a0489a1097ac919fc2f2dc59558d"	"D_0__Bacteria"	"0.9617386018779979"
"b1c2cfcb2d3427a0a7a927462402e2ff"	"D_0__Bacteria;D_1__Proteobacteria;D_2__Gammaproteobacteria;D_3__Pseudomonadales;D_4__Pseudomonadaceae;D_5__Pseudomonas"	"0.9969357055208591"
"b23bb1ed12d874b8ff91baa03b2f9dfe"	"D_0__Bacteria;D_1__Firmicutes;D_2__Bacilli;D_3__Bacillales;D_4__Staphylococcaceae;D_5__Staphylococcus"	"0.9998787965138927"
"b25f735b7f41f24cfa4ef54807d583a8"	"D_0__Bacteria;D_1__Actinobacteria;D_2__Actinobacteria;D_3__Corynebacteriales;D_4__Corynebacteriaceae;D_5__Corynebacterium 1"	"0.8893983052695816"
"b2989f95101b27c1dc504196a144111e"	"D_0__Bacteria"	"0.978506868867271"
"b2a3943af114087a873770f6ce9de8ea"	"D_0__Bacteria;D_1__Proteobacteria;D_2__Betaproteobacteria;D_3__Burkholderiales;D_4__Comamonadaceae;D_5__Delftia"	"0.8237494721342811"
"b38f9ca237359acedfae4ce6ef0abf37"	"D_0__Bacteria;D_1__Proteobacteria;D_2__Gammaproteobacteria;D_3__Pseudomonadales;D_4__Moraxellaceae;D_5__Acinetobacter"	"0.9991737995534602"
"b41186dee52f1bb078be0152c3a87b01"	"D_0__Bacteria;D_1__Proteobacteria;D_2__Alphaproteobacteria;D_3__Rhizobiales;D_4__Rhizobiaceae;D_5__Rhizobium;D_6__Rhizobium etli;D_7__;D_8__;D_9__;D_10__;D_11__;D_12__;D_13__;D_14__"	"0.9179370508917415"
"b438d66fd5e40d8d6483aa161d47b483"	"D_0__Bacteria"	"0.9593910776595024"
"b45fc7b8f0547861a2f53eb43601441b"	"D_0__Bacteria;D_1__Verrucomicrobia;D_2__Opitutae;D_3__Opitutales;D_4__Opitutaceae;D_5__Opitutus;Ambiguous_taxa;D_7__;D_8__;D_9__;D_10__;D_11__;D_12__;D_13__;D_14__"	"0.8989472693678712"
"b4d99952ced36febcddb9f39e9fe2dc8"	"D_0__Bacteria;D_1__Proteobacteria;D_2__Alphaproteobacteria;D_3__Rhodospirillales;D_4__Acetobacteraceae;D_5__Acetobacter;Ambiguous_taxa;D_7__;D_8__;D_9__;D_10__;D_11__;D_12__;D_13__;D_14__"	"0.9971974374596501"
"b51088046d6f5c58a2b5d76ac45d808c"	"D_0__Bacteria;D_1__Proteobacteria;D_2__Betaproteobacteria;D_3__Burkholderiales;D_4__Oxalobacteraceae"	"0.9977368471199816"
"b55641bd1ab1364165b51136cc2ac924"	"D_0__Bacteria;D_1__Proteobacteria;D_2__Gammaproteobacteria;D_3__Pasteurellales;D_4__Pasteurellaceae;D_5__Haemophilus;D_6__uncultured bacterium;D_7__;D_8__;D_9__;D_10__;D_11__;D_12__;D_13__;D_14__"	"0.9734233275616104"
"b57981091e62812cb21416d36e8bafb9"	"Unassigned"	"0.9434773268629901"
"b5e9b95fa51547b2e26c215e7b253eda"	"D_0__Bacteria"	"0.9657863145634095"
"b5ea8b2ccb8210cb54ad3fbe7ed270a3"	"Unassigned"	"0.9503088126340862"
"b7116f63ce6ba908351f4cb3d1361efe"	"D_0__Bacteria;D_1__Proteobacteria;D_2__Betaproteobacteria;D_3__Burkholderiales;D_4__Oxalobacteraceae"	"0.9548010765900635"
"b78542570f5854ac162f6492724e8a45"	"D_0__Bacteria"	"0.9430042426988376"
"b7909887b1c1ce48c0fced02253cf68c"	"D_0__Bacteria;D_1__Proteobacteria;D_2__Alphaproteobacteria;D_3__Sphingomonadales;D_4__Sphingomonadaceae;D_5__Sphingomonas"	"0.9695854213304039"
"b817dbc24a5edeb5847e212c9f70293b"	"D_0__Bacteria;D_1__Firmicutes;D_2__Bacilli;D_3__Lactobacillales;D_4__Streptococcaceae;D_5__Streptococcus"	"0.9999986833809708"
"b8802d167d15f1a684a654e8ef777e98"	"D_0__Bacteria;D_1__Actinobacteria;D_2__Actinobacteria;D_3__Corynebacteriales;D_4__Corynebacteriaceae;D_5__Corynebacterium 1;Ambiguous_taxa;D_7__;D_8__;D_9__;D_10__;D_11__;D_12__;D_13__;D_14__"	"0.7710513992798096"
"b8e793d506dde06be2c82b1b33df2735"	"D_0__Bacteria;D_1__Proteobacteria;D_2__Alphaproteobacteria;D_3__Rhodospirillales;D_4__Acetobacteraceae;D_5__Acetobacter;Ambiguous_taxa;D_7__;D_8__;D_9__;D_10__;D_11__;D_12__;D_13__;D_14__"	"0.9933790220317447"
"b8f8bdea0b16e791caead82f259822e9"	"D_0__Bacteria"	"0.9491184666278335"
"bab32961e30fbf95df93cf22772220ac"	"D_0__Bacteria"	"0.9617031382998181"
"bacede40d70d57f067f7b84d1a59819d"	"D_0__Bacteria;D_1__Proteobacteria;D_2__Gammaproteobacteria;D_3__Pseudomonadales;D_4__Moraxellaceae;D_5__Acinetobacter;D_6__Acinetobacter calcoaceticus;D_7__;D_8__;D_9__;D_10__;D_11__;D_12__;D_13__;D_14__"	"0.9050784408133943"
"bb1706783db8405f631649a261049511"	"D_0__Bacteria;D_1__Firmicutes;D_2__Clostridia;D_3__Clostridiales;D_4__Family XI;D_5__Anaerococcus;D_6__uncultured bacterium;D_7__;D_8__;D_9__;D_10__;D_11__;D_12__;D_13__;D_14__"	"0.743350772153669"
"bb557c1442234a458a0b7915598c550d"	"D_0__Bacteria;D_1__Chloroflexi;D_2__Thermomicrobia;D_3__JG30-KF-CM45;D_4__uncultured bacterium;D_5__;D_6__;D_7__;D_8__;D_9__;D_10__;D_11__;D_12__;D_13__;D_14__"	"0.7336199436091276"
"bc9c821de13863e057344e23516e2f37"	"D_0__Bacteria"	"0.9697318874636494"
"bd08ce7c950ec7d72776c3353e496d0d"	"D_0__Bacteria;D_1__Actinobacteria;D_2__Actinobacteria;D_3__Micrococcales;D_4__Micrococcaceae;D_5__Kocuria;Ambiguous_taxa;D_7__;D_8__;D_9__;D_10__;D_11__;D_12__;D_13__;D_14__"	"0.9746464700307546"
"bf2dc5a2498424243ed3c763f5c062b1"	"D_0__Bacteria;D_1__Proteobacteria;D_2__Gammaproteobacteria;D_3__Xanthomonadales;D_4__Xanthomonadaceae;D_5__Pseudoxanthomonas;Ambiguous_taxa;D_7__;D_8__;D_9__;D_10__;D_11__;D_12__;D_13__;D_14__"	"0.902157870417336"
"c02fac960d2f0d6d5cbb33e386130a6f"	"D_0__Bacteria"	"0.9745627420775558"
"c06243f6f60490ed72db475c7264d719"	"D_0__Bacteria"	"0.9578701419293264"
"c06a3823f38972d9872805506af0e2d1"	"D_0__Bacteria;D_1__Firmicutes;D_2__Clostridia;D_3__Clostridiales;D_4__Family XI;D_5__Anaerococcus;D_6__uncultured bacterium;D_7__;D_8__;D_9__;D_10__;D_11__;D_12__;D_13__;D_14__"	"0.7960333391312794"
"c0d0a74111c4aa147008d69a40082dff"	"D_0__Bacteria"	"0.9289747016051408"
"c101f0ae1237f35cb54e00502261c63f"	"D_0__Bacteria;D_1__Firmicutes;D_2__Bacilli;D_3__Bacillales;D_4__Paenibacillaceae;D_5__Brevibacillus;Ambiguous_taxa;D_7__;D_8__;D_9__;D_10__;D_11__;D_12__;D_13__;D_14__"	"0.9769281135952387"
"c136da38e9d4a082c69c9ea90e9329ff"	"D_0__Bacteria;D_1__Bacteroidetes;D_2__Flavobacteriia;D_3__Flavobacteriales;D_4__Flavobacteriaceae;D_5__Cloacibacterium;D_6__uncultured bacterium;D_7__;D_8__;D_9__;D_10__;D_11__;D_12__;D_13__;D_14__"	"0.9989242545674514"
"c17b5b7238534da18b7fba544d3e154b"	"D_0__Bacteria"	"0.9665949897900917"
"c2b323b41c93cc21b7971a81fb78702f"	"D_0__Bacteria;D_1__Firmicutes;D_2__Bacilli;D_3__Lactobacillales;D_4__Lactobacillaceae;D_5__Lactobacillus"	"0.9999995445411756"
"c3efe088c45a3f5887ce994d5073e9df"	"D_0__Bacteria"	"0.9769565788740374"
"c4bbdf0281dde57efaf446dd753e3ebb"	"D_0__Bacteria;D_1__Proteobacteria;D_2__Alphaproteobacteria;D_3__Rhodospirillales;D_4__Acetobacteraceae;D_5__Acetobacter;Ambiguous_taxa;D_7__;D_8__;D_9__;D_10__;D_11__;D_12__;D_13__;D_14__"	"0.9971854475587946"
"c5b2a41d16e87480c96876c12f06d0cb"	"D_0__Bacteria;D_1__Bacteroidetes;D_2__Bacteroidia;D_3__Bacteroidales;D_4__Prevotellaceae;D_5__Prevotella 7;D_6__uncultured bacterium;D_7__;D_8__;D_9__;D_10__;D_11__;D_12__;D_13__;D_14__"	"0.9924671020862886"
"c68c23304236005874b0871dbb81ad23"	"D_0__Bacteria;D_1__Actinobacteria;D_2__Actinobacteria;D_3__Actinomycetales;D_4__Actinomycetaceae;D_5__Actinomyces"	"0.9999682296690352"
"c715e0b6c3cae989e96537b56788ba38"	"D_0__Bacteria;D_1__Parcubacteria;D_2__Candidatus Azambacteria;D_3__uncultured bacterium;D_4__;D_5__;D_6__;D_7__;D_8__;D_9__;D_10__;D_11__;D_12__;D_13__;D_14__"	"0.995893711699373"
"c7575cd3213f45ef67cc6303f26675a7"	"D_0__Bacteria;D_1__Firmicutes;D_2__Bacilli;D_3__Lactobacillales;D_4__Streptococcaceae;D_5__Streptococcus"	"0.999995136026388"
"c78a5e26147b0ea869e459a17eea19da"	"D_0__Bacteria;D_1__Proteobacteria;D_2__Gammaproteobacteria;D_3__Pasteurellales;D_4__Pasteurellaceae;D_5__Haemophilus;D_6__uncultured bacterium;D_7__;D_8__;D_9__;D_10__;D_11__;D_12__;D_13__;D_14__"	"0.9229089656344676"
"c8118211f1f1e8b9f1ee670be5c70655"	"D_0__Bacteria"	"0.971211017533013"
"c89575de372509559ba79eeebb44197f"	"D_0__Bacteria;D_1__Proteobacteria;D_2__Gammaproteobacteria;D_3__Pasteurellales;D_4__Pasteurellaceae;D_5__Haemophilus;D_6__uncultured bacterium;D_7__;D_8__;D_9__;D_10__;D_11__;D_12__;D_13__;D_14__"	"0.9367225590093818"
"c8d319646b1570f653cb141046de5ff4"	"D_0__Bacteria"	"0.9704041184227511"
"c8e680a4b2992dcafda04bc8d588ab10"	"D_0__Bacteria;D_1__Firmicutes;D_2__Clostridia;D_3__Clostridiales;D_4__Family XI;D_5__Anaerococcus"	"0.9999999688545741"
"c9b064a4bee2207594dc663648379464"	"D_0__Bacteria;D_1__Proteobacteria;D_2__Betaproteobacteria;D_3__Burkholderiales;D_4__Comamonadaceae;D_5__Delftia"	"0.8941060629117544"
"ca58aa8bdc910a1947d3aa7b683a89e7"	"D_0__Bacteria;D_1__Proteobacteria;D_2__Gammaproteobacteria;D_3__Pseudomonadales;D_4__Moraxellaceae;D_5__Acinetobacter"	"0.9999116387328615"
"cbfabd0fbe8c8957ef5803498afb3609"	"D_0__Bacteria;D_1__Actinobacteria;D_2__Actinobacteria;D_3__Corynebacteriales;D_4__Corynebacteriaceae;D_5__Corynebacterium 1"	"0.8714275905731734"
"cc760f3db417ebf3a6a3b3e72518f954"	"D_0__Bacteria;D_1__Bacteroidetes;D_2__Flavobacteriia;D_3__Flavobacteriales;D_4__Flavobacteriaceae;D_5__Muricauda;D_6__uncultured bacterium;D_7__;D_8__;D_9__;D_10__;D_11__;D_12__;D_13__;D_14__"	"0.9573210410304568"
"ce35c1d742d2cfd1d864804c9b630e91"	"D_0__Bacteria"	"0.909133612884743"
"ce389b1449236d4260036f8dd2e69068"	"D_0__Bacteria;D_1__Actinobacteria;D_2__Actinobacteria;D_3__Propionibacteriales;D_4__Propionibacteriaceae;D_5__Propionibacterium;D_6__uncultured bacterium;D_7__;D_8__;D_9__;D_10__;D_11__;D_12__;D_13__;D_14__"	"0.8747665044714349"
"ce638728049b87e08256cc9463762373"	"D_0__Bacteria;D_1__Firmicutes;D_2__Bacilli;D_3__Bacillales;D_4__Staphylococcaceae;D_5__Staphylococcus;Ambiguous_taxa;D_7__;D_8__;D_9__;D_10__;D_11__;D_12__;D_13__;D_14__"	"0.9398181246600377"
"cec0d8462402ed540793119890dbab80"	"D_0__Bacteria;D_1__Proteobacteria;D_2__Alphaproteobacteria;D_3__Rhodobacterales;D_4__Rhodobacteraceae;D_5__Paracoccus;Ambiguous_taxa;D_7__;D_8__;D_9__;D_10__;D_11__;D_12__;D_13__;D_14__"	"0.8803034030795981"
"cee08188173c16215ae32f732f8427be"	"D_0__Bacteria;D_1__Proteobacteria;D_2__Alphaproteobacteria;D_3__Rhodobacterales;D_4__Rhodobacteraceae;D_5__Paracoccus;Ambiguous_taxa;D_7__;D_8__;D_9__;D_10__;D_11__;D_12__;D_13__;D_14__"	"0.8578828550639852"
"cf406f0784ae99a5cf27121e267c93e3"	"D_0__Bacteria;D_1__Firmicutes;D_2__Bacilli;D_3__Bacillales;D_4__Staphylococcaceae;D_5__Staphylococcus;Ambiguous_taxa;D_7__;D_8__;D_9__;D_10__;D_11__;D_12__;D_13__;D_14__"	"0.7083259443919089"
"cfe9fcd8ee970eca809b1f479f939d8a"	"D_0__Bacteria"	"0.9468666461019487"
"d0d1bf78fc755a9fa3df30e834f40510"	"D_0__Bacteria;D_1__Saccharibacteria;D_2__uncultured Candidatus Saccharibacteria bacterium;D_3__;D_4__;D_5__;D_6__;D_7__;D_8__;D_9__;D_10__;D_11__;D_12__;D_13__;D_14__"	"0.7717112144991415"
"d0d44af4323d5b9d569bae9a5585de57"	"D_0__Bacteria"	"0.9533546409801762"
"d0d81c687d5d93b6484a2f0042f8d1f3"	"D_0__Bacteria;D_1__Proteobacteria;D_2__Gammaproteobacteria;D_3__Enterobacteriales;D_4__Enterobacteriaceae;D_5__Pantoea;Ambiguous_taxa;D_7__;D_8__;D_9__;D_10__;D_11__;D_12__;D_13__;D_14__"	"0.7446420118527096"
"d0e03e47cd685455ea943184509b5283"	"D_0__Bacteria;D_1__Firmicutes;D_2__Bacilli;D_3__Bacillales;D_4__Family XI;D_5__Gemella;D_6__uncultured bacterium;D_7__;D_8__;D_9__;D_10__;D_11__;D_12__;D_13__;D_14__"	"0.9691601021229896"
"d13dc4d631fb0e438359f1755383b0f9"	"D_0__Bacteria"	"0.9398643347414063"
"d173b393532a589ede7fe5d880b5b464"	"D_0__Bacteria"	"0.9970834017432532"
"d17594e9685289ccd78ce2ebe3aa92f8"	"D_0__Bacteria;D_1__Proteobacteria;D_2__Gammaproteobacteria;D_3__Pseudomonadales;D_4__Pseudomonadaceae;D_5__Pseudomonas"	"0.9979280992912237"
"d21a6014391efd36bf24aa678562d5d5"	"D_0__Bacteria"	"0.9615055274422155"
"d237d143e5a642572e505ab2edbb152a"	"D_0__Bacteria;D_1__Proteobacteria;D_2__Gammaproteobacteria;D_3__Pseudomonadales;D_4__Pseudomonadaceae;D_5__Pseudomonas"	"0.9992759746292696"
"d39e6b5cdd9b0ca8d7891c1efada8f1e"	"D_0__Bacteria;D_1__Parcubacteria"	"0.8145292642690323"
"d3f51316e2210324e41316181f83523b"	"D_0__Bacteria;D_1__Proteobacteria;D_2__Alphaproteobacteria;D_3__Rhizobiales;D_4__Bradyrhizobiaceae;D_5__Bradyrhizobium"	"0.8681998909689851"
"d4075e35d15fdcb2f582690fc22ff92f"	"D_0__Bacteria;D_1__Proteobacteria;D_2__Betaproteobacteria;D_3__Burkholderiales;D_4__Burkholderiaceae;D_5__Ralstonia;D_6__uncultured bacterium;D_7__;D_8__;D_9__;D_10__;D_11__;D_12__;D_13__;D_14__"	"0.7688535597245111"
"d4625a4d20788b0fae8b2faea85add24"	"D_0__Bacteria"	"0.9736110091072541"
"d5c74171eeed451b67851fc9699ca613"	"D_0__Bacteria;D_1__Proteobacteria;D_2__Alphaproteobacteria;D_3__Rhodobacterales;D_4__Rhodobacteraceae;D_5__Paracoccus;Ambiguous_taxa;D_7__;D_8__;D_9__;D_10__;D_11__;D_12__;D_13__;D_14__"	"0.867935565860335"
"d5d50fec1725212fa96d4f598e695f27"	"D_0__Bacteria;D_1__Actinobacteria;D_2__Actinobacteria;D_3__Micrococcales;D_4__Micrococcaceae"	"0.9998962992068234"
"d5de205fa08ef3e6703af2d6e85eecb1"	"D_0__Bacteria"	"0.9565242172157441"
"d61fce57d88ffc3783347ecf85796ff6"	"D_0__Bacteria"	"0.962989547888873"
"d6cc6ae0b5e2dfaf0190ced3b72bd966"	"D_0__Bacteria"	"0.944246691766636"
"d7051f2ada5bf96cabeaffd320d39187"	"D_0__Bacteria;D_1__Firmicutes;D_2__Bacilli;D_3__Bacillales;D_4__Bacillaceae;D_5__Bacillus;D_6__Bacillus drentensis;D_7__;D_8__;D_9__;D_10__;D_11__;D_12__;D_13__;D_14__"	"0.7006479894339916"
"d96bdbd79d2e403ada6a8bebb5ef6901"	"D_0__Bacteria;D_1__Firmicutes;D_2__Bacilli;D_3__Bacillales;D_4__Staphylococcaceae;D_5__Staphylococcus"	"0.9998576668393271"
"da1d5e48853bf1355d8e687ae17828fa"	"D_0__Bacteria;D_1__Acidobacteria;D_2__Solibacteres;D_3__Solibacterales;D_4__Solibacteraceae (Subgroup 3);D_5__Bryobacter"	"0.9783971421131082"
"da7bf1fdbcaafb28b155531412dd9584"	"D_0__Bacteria;D_1__Parcubacteria"	"0.9335929797948291"
"da7cab201e10d58293aef7765e409c6d"	"D_0__Bacteria;D_1__Proteobacteria;D_2__Gammaproteobacteria;D_3__Xanthomonadales;D_4__Xanthomonadaceae;D_5__Stenotrophomonas;D_6__Stenotrophomonas maltophilia;D_7__;D_8__;D_9__;D_10__;D_11__;D_12__;D_13__;D_14__"	"0.875206700282495"
"da930e2a6ddff41e67b547c3f6d3389c"	"D_0__Bacteria;D_1__Proteobacteria;D_2__Alphaproteobacteria;D_3__Rhodobacterales;D_4__Rhodobacteraceae;D_5__Rhodobacter"	"0.8244372127795385"
"dbcc706b3b209681069dbf596f41ef78"	"D_0__Bacteria;D_1__Firmicutes;D_2__Bacilli;D_3__Lactobacillales;D_4__Carnobacteriaceae;D_5__Granulicatella;D_6__uncultured bacterium;D_7__;D_8__;D_9__;D_10__;D_11__;D_12__;D_13__;D_14__"	"0.9425643419967521"
"dcaa76d577b0bb5f096759fbcd1a2126"	"D_0__Bacteria"	"0.99310243997669"
"dcd4fdd8560743aefb1d01fa31a24364"	"D_0__Bacteria;D_1__Actinobacteria;D_2__Actinobacteria;D_3__Actinomycetales;D_4__Actinomycetaceae;D_5__Actinomyces"	"0.999961963764602"
"dcf53eff1716335060c59fc592a3e8d7"	"D_0__Bacteria;D_1__Proteobacteria;D_2__Gammaproteobacteria;D_3__Vibrionales;D_4__Vibrionaceae;D_5__Photobacterium;Ambiguous_taxa;D_7__;D_8__;D_9__;D_10__;D_11__;D_12__;D_13__;D_14__"	"0.8651050381954378"
"dd139632dad6dcd1755c755856df4c04"	"D_0__Bacteria;D_1__Firmicutes;D_2__Bacilli;D_3__Bacillales;D_4__Planococcaceae;D_5__Lysinibacillus;D_6__Lysinibacillus sphaericus;D_7__;D_8__;D_9__;D_10__;D_11__;D_12__;D_13__;D_14__"	"0.7052944881515574"
"dd37c2c2294d95b41ab3291fa89b2fc9"	"D_0__Bacteria;D_1__Proteobacteria;D_2__Betaproteobacteria;D_3__Neisseriales;D_4__Neisseriaceae;D_5__Neisseria;D_6__uncultured bacterium;D_7__;D_8__;D_9__;D_10__;D_11__;D_12__;D_13__;D_14__"	"0.9658449595353278"
"dd44f445a2698bbebcb8611b60cc2e80"	"D_0__Bacteria"	"0.9952949657547008"
"dd6725a9748b9d9599ada9cd54b6e8e1"	"D_0__Bacteria"	"0.9651929619611929"
"de18832ab936a2e53bf91171b28020a0"	"D_0__Bacteria;D_1__Proteobacteria;D_2__Gammaproteobacteria;D_3__Pseudomonadales;D_4__Pseudomonadaceae;D_5__Pseudomonas"	"0.9993247196894297"
"df2e50b0c947e54a78775ee95499c836"	"D_0__Bacteria"	"0.9738792926215649"
"dfdcd5597bdaab61688bc4e59281601e"	"D_0__Bacteria;D_1__Proteobacteria;D_2__Gammaproteobacteria;D_3__Pseudomonadales;D_4__Moraxellaceae;D_5__Acinetobacter"	"0.9999826051444066"
"e0d73ca1b540e09e490dbed12be29142"	"D_0__Bacteria;D_1__Proteobacteria;D_2__Gammaproteobacteria;D_3__Oceanospirillales;D_4__Halomonadaceae;D_5__Halomonas"	"0.9431938677398729"
"e241a3c7a98d59eea1e1481ebaa50cde"	"D_0__Bacteria;D_1__Actinobacteria;D_2__Actinobacteria;D_3__Corynebacteriales;D_4__Corynebacteriaceae;D_5__Corynebacterium 1;Ambiguous_taxa;D_7__;D_8__;D_9__;D_10__;D_11__;D_12__;D_13__;D_14__"	"0.911155410511895"
"e2a869a44b17f608b1de0a3ab7d333e9"	"D_0__Bacteria"	"0.9510732285090023"
"e2b36ae51261ee924d26e0ad28f3ef9a"	"Unassigned"	"0.9504387302841577"
"e3fa708af79d5bc8088c9361de082be0"	"D_0__Bacteria;D_1__Actinobacteria;D_2__Actinobacteria;D_3__Micrococcales;D_4__Micrococcaceae;D_5__Micrococcus"	"0.9513660551342692"
"e44311587400e79876d127208ef34aaa"	"D_0__Bacteria"	"0.9729408727224065"
"e48102b3a13129b6ac0125a366c62ff6"	"D_0__Bacteria;D_1__Proteobacteria;D_2__Gammaproteobacteria;D_3__Pseudomonadales;D_4__Pseudomonadaceae;D_5__Pseudomonas"	"0.9980007249988303"
"e4be53576b544c75e7f24826fe0d09bf"	"D_0__Bacteria;D_1__Proteobacteria;D_2__Gammaproteobacteria;D_3__Pseudomonadales;D_4__Pseudomonadaceae;D_5__Pseudomonas"	"0.9991413804947284"
"e5f37d6d9c4074700931eee1f7719065"	"D_0__Bacteria"	"0.9473331193601672"
"e5f6dad04944c328ab2cb4f40c0e6b65"	"D_0__Bacteria;D_1__Actinobacteria;D_2__Actinobacteria;D_3__Corynebacteriales;D_4__Nocardiaceae;D_5__Gordonia;Ambiguous_taxa;D_7__;D_8__;D_9__;D_10__;D_11__;D_12__;D_13__;D_14__"	"0.9975523956573806"
"e5fb34db279d81fdca7a881a6572c196"	"D_0__Bacteria"	"0.9727356924633888"
"e70b6e12a3b584c979c7d15e7f9bd039"	"D_0__Bacteria;D_1__Parcubacteria;D_2__Candidatus Nomurabacteria;D_3__uncultured soil bacterium;D_4__;D_5__;D_6__;D_7__;D_8__;D_9__;D_10__;D_11__;D_12__;D_13__;D_14__"	"0.9801735797363348"
"e7253f39551285f6139c11f4b95b48af"	"Unassigned"	"0.9403463711115694"
"e74662a8fb673e1d230b5e55acff1581"	"D_0__Bacteria"	"0.9557456154536856"
"e75426cea7a38153b3cb8af980a22e46"	"D_0__Bacteria;D_1__Firmicutes;D_2__Bacilli;D_3__Lactobacillales;D_4__Streptococcaceae;D_5__Lactococcus"	"0.9999976109618264"
"e7de432471f0ee90304fca4f22fab739"	"D_0__Bacteria;D_1__Firmicutes;D_2__Bacilli;D_3__Lactobacillales;D_4__Streptococcaceae;D_5__Streptococcus"	"0.9999961606042429"
"e7e628317db6b322bf2c5208316254d2"	"D_0__Bacteria;D_1__Firmicutes;D_2__Bacilli;D_3__Bacillales;D_4__Bacillaceae;D_5__Bacillus;D_6__Bacillus drentensis;D_7__;D_8__;D_9__;D_10__;D_11__;D_12__;D_13__;D_14__"	"0.7165349068140381"
"e85c9195a7e1d69ed7f9f8e1fba20e00"	"D_0__Bacteria"	"0.9913953458076168"
"e8ae77582917927a9b4a070cb8f68030"	"D_0__Bacteria;D_1__Proteobacteria;D_2__Betaproteobacteria;D_3__Burkholderiales;D_4__Oxalobacteraceae;D_5__Massilia;Ambiguous_taxa;D_7__;D_8__;D_9__;D_10__;D_11__;D_12__;D_13__;D_14__"	"0.7645000669873073"
"e99047ee21fd840e89a27af4fe8770b1"	"D_0__Bacteria;D_1__Proteobacteria;D_2__Gammaproteobacteria;D_3__Xanthomonadales;D_4__Nevskiaceae;D_5__Nevskia;D_6__uncultured bacterium;D_7__;D_8__;D_9__;D_10__;D_11__;D_12__;D_13__;D_14__"	"0.9196261457156544"
"e99724bab1e2c4e5233d178378cedefd"	"D_0__Bacteria;D_1__Proteobacteria;D_2__Betaproteobacteria;D_3__Burkholderiales;D_4__Oxalobacteraceae"	"0.9725504050392413"
"ea04a9f6c97cda1d8081fdca3ff1bf11"	"D_0__Bacteria;D_1__Actinobacteria;D_2__Actinobacteria;D_3__Micrococcales;D_4__Intrasporangiaceae;D_5__Ornithinimicrobium;Ambiguous_taxa;D_7__;D_8__;D_9__;D_10__;D_11__;D_12__;D_13__;D_14__"	"0.9697989491701342"
"eaa585da08f416d6af6109bd0391ecdb"	"D_0__Bacteria"	"0.9682485775631309"
"eab261f4d50a1040dc5d4b4a15680716"	"D_0__Bacteria"	"0.9689239412727463"
"eb1252dc2d4741f991c758570a5d853f"	"D_0__Bacteria"	"0.9478767188141546"
"eb60f1d00b02821b98803c9e143dc0e7"	"D_0__Bacteria"	"0.9620075857974546"
"ebbf286f461ab33e597321d9de9f2ee8"	"D_0__Bacteria;D_1__Firmicutes;D_2__Bacilli;D_3__Lactobacillales;D_4__Enterococcaceae;D_5__Enterococcus"	"0.9962431007374215"
"ec0bc169a15efedca3616d41be4263c8"	"D_0__Bacteria"	"0.9655453879996629"
"ec6a649aca9dfbd3f1624c05d32df4cc"	"D_0__Bacteria;D_1__Proteobacteria;D_2__Betaproteobacteria;D_3__Burkholderiales;D_4__Burkholderiaceae;D_5__Ralstonia"	"0.9994036677666781"
"ed32e62519343ad25da5ca95d01af687"	"D_0__Bacteria"	"0.9932276518354658"
"edad7a2215ad5f05c12ca10225077488"	"D_0__Bacteria;D_1__Proteobacteria;D_2__Alphaproteobacteria;D_3__Rhodospirillales;D_4__Rhodospirillaceae"	"0.9747410975925211"
"eed6ac9c7d9d8e61ecb6ce43847a52b3"	"D_0__Bacteria"	"0.9397162339513329"
"ef7d97a7c13483e33a44c8af7c94a3fa"	"D_0__Bacteria;D_1__Proteobacteria;D_2__Gammaproteobacteria;D_3__Enterobacteriales;D_4__Enterobacteriaceae;D_5__Serratia;Ambiguous_taxa;D_7__;D_8__;D_9__;D_10__;D_11__;D_12__;D_13__;D_14__"	"0.9484353398751942"
"efaedc6b74629fda0bd38b7829931fb0"	"D_0__Bacteria"	"0.9608535286129637"
"f0823bbb976e05db71f65fbf4d463b66"	"D_0__Bacteria;D_1__Proteobacteria;D_2__Alphaproteobacteria;D_3__Rhodospirillales;D_4__Rhodospirillaceae;D_5__Azospirillum;Ambiguous_taxa;D_7__;D_8__;D_9__;D_10__;D_11__;D_12__;D_13__;D_14__"	"0.7903561158450587"
"f0b45d2e04151ece5fa3d3104e203d91"	"D_0__Bacteria;D_1__Proteobacteria;D_2__Gammaproteobacteria;D_3__Xanthomonadales;D_4__Xanthomonadaceae;D_5__Stenotrophomonas"	"0.9999596182820091"
"f14e3096edff7441bad6b9b06b8765de"	"D_0__Bacteria;D_1__Planctomycetes;D_2__Planctomycetacia;D_3__Planctomycetales;D_4__Planctomycetaceae"	"0.9999999437550788"
"f19ba53c3fcad59d66fa87d80436c422"	"D_0__Bacteria"	"0.964077133990772"
"f245661388439d44cf4361aab7e5a2ed"	"D_0__Bacteria;D_1__Saccharibacteria"	"0.9995415097163461"
"f2605ef0b0a019a57aff3353e891915f"	"D_0__Bacteria;D_1__Nitrospirae;D_2__Nitrospira;D_3__Nitrospirales"	"0.8222330366303076"
"f2cb2d00e9b918149439cf578d8ef6f1"	"D_0__Bacteria;D_1__Firmicutes;D_2__Bacilli;D_3__Lactobacillales;D_4__Lactobacillaceae;D_5__Lactobacillus"	"0.9990538663319394"
"f42a23f74a313cf340c21f752fecac93"	"D_0__Bacteria"	"0.9591874746932714"
"f4c26ec3f23166c461611f9927c68e4c"	"D_0__Bacteria;D_1__Firmicutes;D_2__Negativicutes;D_3__Selenomonadales;D_4__Veillonellaceae;D_5__Veillonella"	"0.9999995042591271"
"f50e05c25c25fa2ed9b64bee103d36fb"	"D_0__Bacteria"	"0.9644641588678593"
"f63c08ecfd9030bd7d9f8561a302e201"	"D_0__Bacteria"	"0.9688656069418011"
"f68dfd1268b4693aeadd5c5cd01e4c3f"	"D_0__Bacteria;D_1__Firmicutes;D_2__Bacilli;D_3__Bacillales;D_4__Staphylococcaceae;D_5__Staphylococcus;Ambiguous_taxa;D_7__;D_8__;D_9__;D_10__;D_11__;D_12__;D_13__;D_14__"	"0.7033952328371832"
"f6cec6cce9b8cbab9e59d0fe1316fd2b"	"D_0__Bacteria;D_1__Actinobacteria;D_2__Actinobacteria;D_3__Micrococcales;D_4__Micrococcaceae;D_5__Rothia;D_6__uncultured bacterium;D_7__;D_8__;D_9__;D_10__;D_11__;D_12__;D_13__;D_14__"	"0.9553098400723735"
"f70c2bee17551fb7a4aa8908623a13c3"	"D_0__Bacteria"	"0.9555713151110563"
"f74d8c0c761073326617c3ad3356f146"	"D_0__Bacteria;D_1__Parcubacteria"	"0.8846179719451798"
"f7e924b3915d0d71f4be75fc9e60b1ac"	"D_0__Bacteria;D_1__Proteobacteria;D_2__Alphaproteobacteria;D_3__Rhodospirillales;D_4__Acetobacteraceae;D_5__Roseomonas;Ambiguous_taxa;D_7__;D_8__;D_9__;D_10__;D_11__;D_12__;D_13__;D_14__"	"0.8546446548565759"
"f82c34d9684585de391a205c24c013b4"	"D_0__Bacteria;D_1__Actinobacteria;D_2__Actinobacteria;D_3__Corynebacteriales;D_4__Nocardiaceae;D_5__Gordonia;Ambiguous_taxa;D_7__;D_8__;D_9__;D_10__;D_11__;D_12__;D_13__;D_14__"	"0.9918425376910974"
"f8f024f6fd2bd8a2c957673d0f62b246"	"D_0__Bacteria;D_1__Proteobacteria;D_2__Alphaproteobacteria;D_3__Rickettsiales;D_4__Mitochondria"	"0.9999998756575237"
"f9101ffb308e7f9807f81798c1b3205e"	"D_0__Bacteria;D_1__Proteobacteria;D_2__Gammaproteobacteria;D_3__Pseudomonadales;D_4__Moraxellaceae;D_5__Acinetobacter"	"0.9999957676909036"
"f95b20be3f12eea78636f21241695bb4"	"D_0__Bacteria;D_1__Proteobacteria;D_2__Gammaproteobacteria;D_3__Pseudomonadales;D_4__Moraxellaceae;D_5__Acinetobacter;D_6__Acinetobacter calcoaceticus;D_7__;D_8__;D_9__;D_10__;D_11__;D_12__;D_13__;D_14__"	"0.9720994867135845"
"f9b0a8ac4ae3575e90ea1cc796a61a34"	"D_0__Bacteria;D_1__Firmicutes;D_2__Bacilli;D_3__Bacillales;D_4__Staphylococcaceae;D_5__Staphylococcus;Ambiguous_taxa;D_7__;D_8__;D_9__;D_10__;D_11__;D_12__;D_13__;D_14__"	"0.733367986581669"
"fabea11c019cdf20671f063ff84fc597"	"D_0__Bacteria;D_1__Proteobacteria;D_2__Betaproteobacteria;D_3__Methylophilales;D_4__Methylophilaceae;D_5__uncultured;D_6__uncultured bacterium;D_7__;D_8__;D_9__;D_10__;D_11__;D_12__;D_13__;D_14__"	"0.7220244405451756"
"fb41cd895d082d5461862d893a37a1b9"	"D_0__Bacteria;D_1__Proteobacteria;D_2__Alphaproteobacteria;D_3__Rhizobiales;D_4__Rhizobiaceae;D_5__Rhizobium"	"0.9792392903583893"
"fc369e12ac77cc5447474beb4fb58aae"	"D_0__Bacteria"	"0.9567513950105762"
"fc501a107559a80499f69e0dbb1a36e0"	"D_0__Bacteria;D_1__Proteobacteria;D_2__Betaproteobacteria;D_3__Burkholderiales;D_4__Alcaligenaceae;D_5__Achromobacter"	"0.9914015802517088"
"fc6200228679eaa93dea1526be0df21a"	"D_0__Bacteria;D_1__Actinobacteria;D_2__Actinobacteria;D_3__Corynebacteriales;D_4__Corynebacteriaceae"	"0.9998789855444004"
"fcca83cb6bfce7163943fdcad48d4704"	"Unassigned"	"0.940973337074138"
"fe6892224b3a7521633f83668641f002"	"D_0__Bacteria;D_1__Firmicutes;D_2__Negativicutes;D_3__Selenomonadales;D_4__Veillonellaceae;D_5__Veillonella;D_6__uncultured bacterium;D_7__;D_8__;D_9__;D_10__;D_11__;D_12__;D_13__;D_14__"	"0.7552990940616138"
"fe8e9b5766bbfd10735545a903296123"	"D_0__Bacteria;D_1__Parcubacteria;D_2__Candidatus Nomurabacteria;D_3__uncultured bacterium;D_4__;D_5__;D_6__;D_7__;D_8__;D_9__;D_10__;D_11__;D_12__;D_13__;D_14__"	"0.8543119026157106"
"ff35d4be1263fc46f03cc9c2f95bbec4"	"D_0__Bacteria;D_1__Firmicutes;D_2__Clostridia;D_3__Clostridiales;D_4__Ruminococcaceae;D_5__Subdoligranulum;D_6__uncultured bacterium;D_7__;D_8__;D_9__;D_10__;D_11__;D_12__;D_13__;D_14__"	"0.9637439071011003"
"ff49dc53ebf79f0f9fe6ab4071ac1462"	"D_0__Bacteria;D_1__Bacteroidetes;D_2__Cytophagia;D_3__Cytophagales;D_4__Cytophagaceae;D_5__Pseudarcicella;D_6__uncultured bacterium;D_7__;D_8__;D_9__;D_10__;D_11__;D_12__;D_13__;D_14__"	"0.8122563349115953"
"ffc4195529c2db6bbe2a52731bfc8289"	"D_0__Bacteria;D_1__Cyanobacteria;D_2__Chloroplast"	"0.9999061715895741"
"fffe0f8ed79753eeb36e16f5527b8013"	"D_0__Bacteria;D_1__Firmicutes;D_2__Bacilli;D_3__Lactobacillales;D_4__Carnobacteriaceae;D_5__Carnobacterium"	"0.8094861346442386"